,reward,log_return,portfolio_value,return,rate_of_return,weights_mean,weights_std,cost,date,steps,market_value
0,-0.00599780364679739,-0.00599780364679739,0.994020147211073,1.0140651744669642,-0.005979852788926987,0.09090909,0.14845394,0.005000000049505806,2014-10-28,1,1.0140651744669642
1,0.025456338006742595,0.025456338006742595,1.0196490857785803,1.0165766704929713,0.025783117816489343,0.09090909,0.14845394,2.2749545390187837e-05,2014-10-31,2,1.0308749987225005
2,0.002905543638349367,0.002905543638349367,1.022616028926273,1.0038096602723654,0.0029097688499637453,0.09090909,0.14845394,5.355918315483793e-05,2014-11-05,3,1.0348022822509084
3,0.00911344978901327,0.00911344978901327,1.0319781848215954,1.005246423645772,0.009155103802893194,0.09090909,0.14845394,3.266872126100967e-05,2014-11-10,4,1.0402312934132085
4,0.016611307180806906,0.016611307180806906,1.0492638629987892,1.005621281792766,0.016750042230962547,0.09090909,0.14845394,6.60454931073673e-05,2014-11-13,5,1.0460787266431377
5,0.026927546634196522,0.026927546634196522,1.0779018092777768,1.0096303514255196,0.027293369464893802,0.09090909,0.14845394,7.159550957609312e-06,2014-11-18,6,1.056152832399471
6,0.016009138633404675,0.016009138633404675,1.0952969580912895,1.007734371643576,0.016137971625790115,0.09090909,0.14938836,0.0002371203271798704,2014-11-21,7,1.064321510917664
7,0.014912099130936591,0.014912099130936591,1.1117525236344257,1.0103319767068795,0.01502383935386109,0.09090909,0.13818796,0.0004272263986478013,2014-11-26,8,1.075318055977096
8,-0.02501874008480136,-0.02501874008480136,1.084282936031514,0.9946095901779285,-0.024708365413114497,0.09090909,0.14845394,0.00028002678852947805,2014-12-02,9,1.0695216509663064
9,-0.005534704495530215,-0.005534704495530215,1.0782983271337514,1.0034290678587399,-0.005519416287843026,0.09090909,0.14845394,6.110795658154977e-05,2014-12-05,10,1.0731891132838614
10,-0.0293266626559905,-0.0293266626559905,1.0471346326399809,0.9742693961095461,-0.028900809460223775,0.09090909,0.14183523,0.0001700814090317497,2014-12-10,11,1.0455753093104068
11,-0.02275881196947086,-0.02275881196947086,1.0235722353162846,0.9813728909612134,-0.022501784001061953,0.09090909,0.14845394,0.00016865179605733658,2014-12-15,12,1.0260992640156188
12,0.015410851423530372,0.015410851423530372,1.0394685282086888,1.0204264699712242,0.015530211101800973,0.09090909,0.14845394,7.031995248585346e-05,2014-12-18,13,1.047058849819529
13,0.016186203759165258,0.016186203759165258,1.056430482266889,1.0171089570145782,0.016317910160715154,0.09090909,0.14845394,2.8407883146115975e-05,2014-12-23,14,1.064972934672825
14,0.008801772756337069,0.008801772756337069,1.0657699851887419,1.002876733771465,0.008840622339684856,0.09090909,0.14845394,2.1841351467312004e-05,2014-12-29,15,1.0680365782796946
15,-0.02445745850780008,-0.02445745850780008,1.0400201312913953,0.9846431036728539,-0.024160798535517447,0.09090909,0.14845394,2.745041672030768e-05,2015-01-02,16,1.0516348512734535
16,-0.0326805782036682,-0.0326805782036682,1.006581052034238,0.9708871239759191,-0.032152338451022056,0.09090909,0.14845394,3.0429723820842303e-05,2015-01-07,17,1.0210187362257268
17,0.006318981782048719,0.006318981782048719,1.0129617579781602,1.0010524273087231,0.00633898872925065,0.09090909,0.14845394,4.948230880181134e-05,2015-01-12,18,1.0220932842264487
18,-0.014154912909988812,-0.014154912909988812,0.9987243745504255,0.9797909142993081,-0.014055203284428108,0.09090909,0.14845394,1.6005548714199125e-05,2015-01-15,19,1.0014377134514147
19,0.031473386895034906,0.031473386895034906,1.0306574993354864,1.019924351625412,0.03197391152031881,0.09090909,0.1443608,0.00010313332453240302,2015-01-21,20,1.0213907105851692
20,0.026246060081493622,0.026246060081493622,1.0580663115399784,1.018858930410766,0.02659352134163262,0.090909086,0.12478927,0.0006701997652405641,2015-01-26,21,1.0406530469182977
21,0.029057298027574178,0.029057298027574178,1.0892618947497155,0.9876721822862989,0.029483580442451585,0.09090909,0.12026143,0.00041670692235875586,2015-01-29,22,1.0278240658526814
22,0.05727224948747557,0.05727224948747557,1.1534674226796238,1.0227715240239694,0.05894406867566149,0.09090909,0.14845394,0.0011932816343819448,2015-02-03,23,1.0512291862606598
23,0.013112314970955484,0.013112314970955484,1.1686916452383664,1.011079787550862,0.01319865846178403,0.09090909,0.121286675,0.0010239974535989431,2015-02-06,24,1.0628765823116932
24,0.022845315673369452,0.022845315673369452,1.195698085793056,1.0092511235368637,0.023108268690652967,0.09090909,0.14845394,0.0010092328355378228,2015-02-11,25,1.0727093848790983
25,0.03284383945771346,0.03284383945771346,1.235621431295594,1.026805883067134,0.03338915230934614,0.09090909,0.14854032,8.672346720624682e-05,2015-02-17,26,1.1014643072151846
26,0.020794821601127254,0.020794821601127254,1.2615849767825473,1.0061085799753824,0.021012540596458962,0.09090909,0.12026143,0.0012499999752726204,2015-02-20,27,1.1081926900258376
27,-0.005722729553615835,-0.005722729553615835,1.2543858859664632,0.9997886209454645,-0.005706385973653694,0.090909086,0.13221943,0.0007593606422418475,2015-02-25,28,1.1079584413027768
28,0.0065338564637035705,0.0065338564637035705,1.2626086974422495,1.0110463916929802,0.006555248721928031,0.0909091,0.12033675,0.0007291403601676463,2015-03-02,29,1.120197384224951
29,-0.0024051869539414464,-0.0024051869539414464,1.2595755365728696,0.9978989491148458,-0.0024022968284032054,0.09090909,0.14845394,0.0011939094291031575,2015-03-05,30,1.117843792519278
30,-0.018940287912901137,-0.018940287912901137,1.2359433200354195,0.9730512172503296,-0.018762047889362865,0.09090909,0.14845394,4.844436394074669e-05,2015-03-10,31,1.0877192630066084
31,-0.006118824171712193,-0.006118824171712193,1.2284038898595462,1.00234547027168,-0.0061001423395834475,0.090909086,0.13824728,0.0002707352144630799,2015-03-13,32,1.0902704762019242
32,0.018345721281092478,0.018345721281092478,1.2511478345635005,1.015177326264276,0.018515038003139805,0.09090909,0.14872722,0.0003565616579965058,2015-03-18,33,1.1068178669355484
33,-0.007094115996883417,-0.007094115996883417,1.2423034552435015,0.9946884122338971,-0.007069012210762948,0.09090909,0.13425578,0.0004128889627612922,2015-03-23,34,1.1009389066942294
34,-0.05111479040822004,-0.05111479040822004,1.1803989690914887,0.9725300710741316,-0.049830406484604906,0.09090909,0.1875805,0.0018439399134469747,2015-03-26,35,1.0706961931756156
35,0.0032763150321074796,0.0032763150321074796,1.1842726702781818,1.005261453036429,0.0032816880462667175,0.09090909,0.14867401,0.001246735365196509,2015-03-31,36,1.0763296109122924
36,0.02099584353653463,0.02099584353653463,1.2094003394131456,1.0067085586426074,0.02121780715336552,0.09090909,0.16027698,0.0010815736597097688,2015-04-06,37,1.0835502312258725
37,0.015387601166320689,0.015387601166320689,1.2281540267334226,1.009810100870742,0.015506600014166594,0.090909086,0.13872868,0.0013567093955738155,2015-04-09,38,1.0941799682927142
38,-0.004128636652601696,-0.004128636652601696,1.223093877908066,1.002476432502404,-0.004120125582957379,0.09090909,0.148373,0.0008620751844061701,2015-04-14,39,1.0968896311296736
39,-0.016096566281370586,-0.016096566281370586,1.2035638707827798,0.9954782507416531,-0.015967709002590702,0.09090909,0.14059629,0.0008790931564746042,2015-04-17,40,1.0919297712536247
40,0.020056739496071865,0.020056739496071865,1.2279471451086073,1.0153645658383186,0.020259227547241743,0.09090909,0.12224116,0.0008038544245727063,2015-04-22,41,1.108706798114871
41,0.04831410527168161,0.04831410527168161,1.2887308450166517,1.0237583122029437,0.04950025752343623,0.09090909,0.14845394,0.0009492291290257661,2015-04-27,42,1.1350478003660103
42,-0.032164938850858596,-0.032164938850858596,1.2479384550998966,0.9895985761369098,-0.03165314935581287,0.09090909,0.14845394,5.4386180698435264e-05,2015-04-30,43,1.1232416870895352
43,-0.0012991003797910793,-0.0012991003797910793,1.2463183103591082,1.0001061179825566,-0.0012982569245842956,0.09090909,0.14845394,1.0816021463941201e-05,2015-05-05,44,1.1233608832312925
44,-0.0021192274559940255,-0.0021192274559940255,1.2436798750654143,1.007308674308952,-0.002116983495920599,0.09090909,0.14845394,8.758105954821182e-05,2015-05-08,45,1.1315711620582467
45,-0.007577415410303439,-0.007577415410303439,1.2342916102507093,0.9954233773778705,-0.007548779234054281,0.09090909,0.14845394,2.231399879281712e-05,2015-05-13,46,1.1263923878794215
46,0.01309279831334446,0.01309279831334446,1.2505581966928927,1.011099720024561,0.013178884395786516,0.09090909,0.12661952,0.000681010013027048,2015-05-18,47,1.13889502802268
47,0.0029531617131573294,0.0029531617131573294,1.2542567558426323,1.0039446982307447,0.002957526614531414,0.09090909,0.14845394,0.0006814327295106188,2015-05-21,48,1.143387625224725
48,0.016461348473041888,0.016461348473041888,1.2750743865891643,1.0021373764656734,0.016597583110123493,0.09090909,0.14845394,4.726435037919849e-05,2015-05-27,49,1.1458314750260226
49,0.004026306335044198,0.004026306335044198,1.2802185758011801,0.9977063811840506,0.004034422827499995,0.09090909,0.14845394,3.428852745113786e-05,2015-06-01,50,1.1432033743949959
50,-0.007480339517767405,-0.007480339517767405,1.2706778346021619,0.9943539535372286,-0.007452431467062204,0.09090909,0.14845394,1.1948464302588003e-05,2015-06-04,51,1.1367487950267645
51,-0.012654484620173894,-0.012654484620173894,1.2546993741779282,0.9930973638340898,-0.01257475340256986,0.09090909,0.14845394,4.095215639946942e-06,2015-06-09,52,1.1289022316826578
52,-0.008692476926255605,-0.008692476926255605,1.2438401936952554,1.0050097175027919,-0.008654806646243518,0.09090909,0.14845394,4.320095192811957e-05,2015-06-12,53,1.1345577129516593
53,0.006080706173347834,0.006080706173347834,1.2514266626690997,1.0028295209795428,0.006099231245539682,0.09090909,0.14845394,2.6732856668623962e-05,2015-06-17,54,1.1377679678029582
54,0.010491733704414254,0.010491733704414254,1.264625415898939,1.010806278123277,0.010546965014864185,0.09090909,0.12541498,0.0007389867803413451,2015-06-22,55,1.1500630049027927
55,-0.0074642647194827026,-0.0074642647194827026,1.2552210589178519,0.9911755866941175,-0.007436476337463249,0.09090909,0.14845394,0.0007290771947991537,2015-06-25,56,1.1399143736197253
56,-0.027055531447722585,-0.027055531447722585,1.2217156825045126,0.9757890522514528,-0.0266928093464468,0.09090909,0.14845394,4.009673903152017e-05,2015-06-30,57,1.1123159662822002
57,0.003996850798728818,0.003996850798728818,1.2266084692016823,1.0026436518760447,0.004004848891797419,0.09090909,0.14845394,1.6984924828380988e-06,2015-07-06,58,1.1152565424732166
58,-0.03435440461009174,-0.03435440461009174,1.1851846839837863,0.984750045907419,-0.03377099234025016,0.09090909,0.15117005,0.0006430400058531187,2015-07-09,59,1.0982489313990493
59,0.045883859891471486,0.045883859891471486,1.2408324365444199,1.0378452872383337,0.04695281107884686,0.09090909,0.14845394,0.0005695565613348778,2015-07-14,60,1.1398124776670393
60,0.02037199813700415,0.02037199813700415,1.2663699143549871,1.0319131801714212,0.02058092378829679,0.09090909,0.12674302,0.0007042741531882327,2015-07-17,61,1.1761875186284616
61,-0.01953678551346895,-0.01953678551346895,1.2418692283780093,0.9938523899403069,-0.019347179445160068,0.09090909,0.14845394,0.0007136299779183142,2015-07-22,62,1.1689567764068558
62,0.024564048096339445,0.024564048096339445,1.2727523180593707,0.9886705490521069,0.02486823006452732,0.09090909,0.15032506,0.0002535960625655624,2015-07-27,63,1.1557131379483472
63,0.013904335217256097,0.013904335217256097,1.2905726962321413,1.0147517305193086,0.014001450179986552,0.09090909,0.13986291,0.0004956464297554388,2015-07-30,64,1.1727619067169857
64,-0.011920320278650134,-0.011920320278650134,1.2752799843260616,0.9949707572269084,-0.011849554814484464,0.09090909,0.15331586,0.0005987383299985546,2015-08-04,65,1.1668638023730722
65,0.039600969121533,0.039600969121533,1.3267956101407283,1.0085313889651812,0.04039554172246396,0.09090909,0.14845394,0.0005551020505931882,2015-08-07,66,1.1768187713405072
66,0.011919595438262752,0.011919595438262752,1.3427051061765662,1.004978578016183,0.011990916999002232,0.09090909,0.14845394,3.323021184987507e-05,2015-08-12,67,1.1826776554045346
67,0.006759466755982757,0.006759466755982757,1.3518118203642693,1.0069502822434444,0.006782363562789273,0.09090909,0.14845394,3.431553366528131e-05,2015-08-17,68,1.1908975989126112
68,-0.042686340908456764,-0.042686340908456764,1.2953221653985372,0.966103843542794,-0.04178810550015011,0.09090909,0.1401624,0.00021610989422049976,2015-08-20,69,1.1505307475753583
69,-0.09077187957204823,-0.09077187957204823,1.1829218953340535,0.9168088828897253,-0.08677398802166025,0.09090909,0.14845394,0.00021665954025541903,2015-08-25,70,1.0548168094148447
70,0.10244007347806905,0.10244007347806905,1.310524756621431,1.077771715157094,0.10787090998205162,0.09090908,0.1484545,1.8165808469111088e-05,2015-08-28,71,1.1368517218595706
71,-0.015493919111205089,-0.015493919111205089,1.290376085906409,0.9839734920483155,-0.015374505985652487,0.09090909,0.14516553,8.237048307547415e-05,2015-09-02,72,1.118631958699302
72,0.013360864070346349,0.013360864070346349,1.307732314437041,1.0115162060193499,0.013450519364236468,0.09090909,0.13853592,0.0004922772126535815,2015-09-08,73,1.1315143547955122
73,0.012247115341416436,0.012247115341416436,1.3238467392408957,1.0023921306337449,0.012322418453651007,0.09090909,0.14845394,0.0005335737596478294,2015-09-11,74,1.1342210849461407
74,0.011658564886360277,0.011658564886360277,1.3393712131669089,1.0158180001636807,0.01172679092363449,0.09090909,0.14845394,2.5738883016328124e-05,2015-09-16,75,1.152162194253469
75,0.014423928433261294,0.014423928433261294,1.3588302080414791,0.9908051584812547,0.014528455355225844,0.09090909,0.13880484,0.0002546009827221454,2015-09-21,76,1.1415682454734186
76,-0.011085995091464584,-0.011085995091464584,1.3438494148411662,0.9822759819626401,-0.011024771977880321,0.09090909,0.14845394,0.0002459590373652159,2015-09-24,77,1.1213350692997706
77,-0.03769128988125497,-0.03769128988125497,1.2941406745674797,0.9859997808916592,-0.03698981427882797,0.09090909,0.14845394,8.380718617928982e-05,2015-09-29,78,1.1056361326357071
78,0.042531312166400784,0.042531312166400784,1.3503694418151304,1.032513059514418,0.043448728838109574,0.09090909,0.13818493,0.00027529518519011715,2015-10-02,79,1.141583746017383
79,0.02294007070694383,0.02294007070694383,1.381705058979885,1.0253592017245787,0.023205217916242304,0.09090909,0.14845394,0.00027776362849820583,2015-10-07,80,1.170533398518138
80,0.010745028125044317,0.010745028125044317,1.3966315680744228,1.0059014063255818,0.01080296333687758,0.090909086,0.13812095,0.00027441874469510036,2015-10-12,81,1.1774411917204577
81,0.021347632983012073,0.021347632983012073,1.4267668605647335,1.0117439116760882,0.021577123973976153,0.09090909,0.14845394,0.00027723328309772906,2015-10-15,82,1.1912689570798107
82,0.007592132441034433,0.007592132441034433,1.4376402876286447,1.0064652789111888,0.007621025806281656,0.09090909,0.13413674,0.00039469277947743354,2015-10-20,83,1.1989708431455726
83,0.04692250538680188,0.04692250538680188,1.5067056609869192,1.0433619836058137,0.04804078875126416,0.090909086,0.13999893,0.00037736333270545544,2015-10-23,84,1.2509605971898994
84,0.011362817280960625,0.011362817280960625,1.5239237197938538,1.0128393632772834,0.011427619377003317,0.09090909,0.14549226,0.0002199627231380304,2015-10-28,85,1.267022134742788
85,0.011622902178749873,0.011622902178749873,1.541739471036971,0.9997036637464035,0.011690710638408541,0.09090909,0.14845394,7.204443057997088e-05,2015-11-02,86,1.2666466701501544
86,0.0034216371899443623,0.0034216371899443623,1.5470237795201602,1.0075983556424104,0.0034274976949477676,0.09090909,0.13918722,0.00024364855443613373,2015-11-05,87,1.2762711020232302
87,0.02723254187141128,0.02723254187141128,1.5897320577526286,1.0082284338889522,0.027606736753403416,0.09090909,0.14845394,0.0002851687642340003,2015-11-10,88,1.2867728144106085
88,-0.03287455496356475,-0.03287455496356475,1.5383200274756743,0.9739378855610316,-0.03234006009140589,0.09090909,0.14845394,1.0436875704155912e-05,2015-11-13,89,1.2532367940644857
89,0.039938790918795035,0.039938790918795035,1.6010020602958106,1.0300762894836597,0.04074706933575789,0.09090909,0.14845394,1.2445700387618553e-05,2015-11-18,90,1.290929506674343
90,0.007830704092344033,0.007830704092344033,1.6135882488031725,1.006336990527934,0.007861444291356046,0.09090909,0.14845394,2.546124381972756e-05,2015-11-23,91,1.2991101147303687
91,0.0009291693234762138,0.0009291693234762138,1.615088242280017,0.9987002091379368,0.0009296011407848859,0.09090909,0.13269497,0.00044458926955364244,2015-11-27,92,1.2974215432744283
92,0.008340124089577008,0.008340124089577008,1.6286146060908773,1.0049214554271007,0.008374999864877442,0.09090909,0.14845394,0.00044107262269616794,2015-12-02,93,1.3038067455698135
93,0.008872778326101317,0.008872778326101317,1.6431292398988655,1.0056595047019952,0.008912258157150799,0.09090909,0.14845394,2.9873145097582543e-05,2015-12-07,94,1.311185645976859
94,-0.011065139677766699,-0.011065139677766699,1.6250480054170962,0.9861965923568831,-0.011004146261119563,0.09090909,0.14845394,1.1907338716255073e-05,2015-12-10,95,1.2930868160096367
95,-0.018110380675227612,-0.018110380675227612,1.5958826621245399,0.9974677612009799,-0.01794737336702279,0.09090909,0.14529516,0.00010472105421844861,2015-12-15,96,1.2898124114036358
96,-0.020503850281542155,-0.020503850281542155,1.5634941025292914,0.9784943783495941,-0.020295075799702467,0.09090909,0.14128144,0.00018523912307917453,2015-12-18,97,1.2620741936839914
97,0.017475391065118348,0.017475391065118348,1.591056907526617,1.0228661701684811,0.017628979190095206,0.09090909,0.14454588,8.93920277882635e-05,2015-12-23,98,1.2909329969620182
98,0.021577555028440405,0.021577555028440405,1.6257610949896257,1.0148590677046423,0.021812034062916208,0.09090909,0.14244671,6.981293776395319e-05,2015-12-29,99,1.3101150577660337
99,-0.05156152476888649,-0.05156152476888649,1.5440588207005985,0.9602686887856703,-0.05025478499935965,0.09090909,0.13711618,0.00018104928576584233,2016-01-04,100,1.2580624686793518
100,-0.06737339221843701,-0.06737339221843701,1.4434573226800074,0.9496903391113022,-0.06515392851092572,0.09090909,0.14845394,0.0002888739697313009,2016-01-07,101,1.1947697725032955
101,0.016318376759949942,0.016318376759949942,1.4672054416609641,1.0062006021097838,0.016452248783403345,0.09090909,0.14845394,3.2639454664020324e-05,2016-01-12,102,1.2021780644753854
102,-0.06806942193561646,-0.06806942193561646,1.3706568931456076,0.9453599126483273,-0.06580438279049583,0.09090909,0.12172173,0.000980033028092614,2016-01-15,103,1.1364909500201856
103,0.006671794121266378,0.006671794121266378,1.3798322076841727,0.9922232279777622,0.006694100167918826,0.09090909,0.14110719,0.000769509967567041,2016-01-21,104,1.1276527189965422
104,0.03740167892012139,0.03740167892012139,1.4324175085986208,1.023039032323636,0.03810992425137272,0.090909086,0.12801002,0.00043069860350981626,2016-01-26,105,1.1536327464393397
105,-0.01437760152745378,-0.01437760152745378,1.4119701246955432,1.015842753841367,-0.01427473748424224,0.09090909,0.13380861,0.00018434988433508007,2016-01-29,106,1.1719094660645184
106,-0.04961923539444933,-0.04961923539444933,1.3436190338261547,0.9658899355523549,-0.04840831238134502,0.09090909,0.13358465,0.0004967398794928343,2016-02-03,107,1.1319355586502524
107,-0.067675097540357,-0.067675097540357,1.2556980673166982,0.9593573460012703,-0.0654359340676266,0.09090909,0.14845394,0.0004155661360996074,2016-02-08,108,1.0859306933911714
108,-0.0016834595539099498,-0.0016834595539099498,1.2535859287403688,0.9782363671251235,-0.0016820433441000482,0.09090909,0.13219057,0.00046188242113987253,2016-02-11,109,1.062296896452646
109,0.0652539400532389,0.0652539400532389,1.3381152952988822,1.0660785174456844,0.06743005375263778,0.09090909,0.12779842,0.00016478592704186922,2016-02-17,110,1.1324919004573886
110,0.04722944768765855,0.04722944768765855,1.4028299313322803,1.0174460691550253,0.04836252620439807,0.09090909,0.121958725,0.0003554640464703583,2016-02-22,111,1.1522494324702743
111,-0.00015416504999227326,-0.00015416504999227326,1.4026136806538207,0.9925487790838642,-0.00015415316827049885,0.09090909,0.12603736,0.00024601494197896127,2016-02-25,112,1.1436637673984462
112,0.034413119353294226,0.034413119353294226,1.4517221341860165,1.0290328810711713,0.03501210219859252,0.09090909,0.121192954,0.0003325635720066664,2016-03-01,113,1.176867621542733
113,0.004476367046109632,0.004476367046109632,1.4582351417830892,1.007615251730195,0.0044864009741951705,0.09090909,0.124851115,0.0002706446535763594,2016-03-04,114,1.185829764733897
114,-0.022124970855151836,-0.022124970855151836,1.4263260273171767,0.9890692886699568,-0.02188200897894621,0.09090909,0.1376691,0.0005060307576474452,2016-03-09,115,1.1728678018890177
115,0.01841848606939098,0.01841848606939098,1.4528402196536385,1.0184429255494585,0.018589152710291046,0.09090909,0.14845394,0.0002901922507478441,2016-03-14,116,1.1944989154386139
116,0.007847914446893667,0.007847914446893667,1.4642868427910045,1.009978692430385,0.007878790098538868,0.09090909,0.14845394,5.3289675084667866e-05,2016-03-17,117,1.2064184527242043
117,0.015806962282157434,0.015806962282157434,1.487616670936108,1.0116603526289731,0.01593255328350529,0.09090909,0.1270437,0.0006618327773423285,2016-03-22,118,1.2204857173010688
118,0.012270203833221393,0.012270203833221393,1.5059824764999579,0.9916732174255638,0.012345791710100196,0.09090909,0.13312702,0.0002063874268387373,2016-03-28,119,1.210322998097898
119,0.0248377476299399,0.0248377476299399,1.5438560900193765,1.0085530099477187,0.02514877437846441,0.09090909,0.1413206,0.0002225763039683994,2016-03-31,120,1.220674902740582
120,-0.001166069758426972,-0.001166069758426972,1.5420568953069194,0.9942453278439444,-0.001165390170812186,0.090909086,0.12117741,0.0008521110204172977,2016-04-05,121,1.213650318866185
121,-0.0005608791091190294,-0.0005608791091190294,1.5411922303125933,0.9957593269951378,-0.0005607218494709798,0.09090909,0.14845394,0.001041520473762104,2016-04-08,122,1.2085036247216268
122,0.03130066782037025,0.03130066782037025,1.5901954933302447,1.0341229237082818,0.03179568521943055,0.09090909,0.14845394,3.564537153207953e-06,2016-04-13,123,1.249741301709185
123,-6.95839925361432e-05,-6.95839925361432e-05,1.59008484502793,1.0049230788772847,-6.958157206382598e-05,0.090909086,0.12368611,0.0008348967257394268,2016-04-18,124,1.2558938767136998
124,-0.012924358311143759,-0.012924358311143759,1.5696662514506212,1.0020106300459348,-0.012841197525500614,0.09090909,0.14845394,0.0008367924244597197,2016-04-21,125,1.258419014676726
125,-0.011065245716281837,-0.011065245716281837,1.5523932498201105,0.9864552706713987,-0.011004251135900867,0.09090909,0.14167875,0.00017432609836830483,2016-04-26,126,1.2413740697409645
126,-0.01995212663724239,-0.01995212663724239,1.5217266521547732,0.9833340105254748,-0.019754400290577734,0.09090909,0.14845394,0.0002651865921941183,2016-04-29,127,1.2206853425607131
127,-0.002431102809875113,-0.002431102809875113,1.5180316714493927,0.9905825848180897,-0.002428150088682801,0.09090909,0.13498333,0.00036964581642199516,2016-05-04,128,1.2091896418833465
128,0.006308355509058649,0.006308355509058649,1.527638223885995,1.0028651860077566,0.0063282951319652,0.09090909,0.14169721,0.00019677894802376774,2016-05-09,129,1.212654195125995
129,0.012474478751435335,0.012474478751435335,1.546814070252174,1.0098192479178687,0.01255260968621208,0.09090909,0.14845473,0.0001831503257227872,2016-05-12,130,1.2245615473065807
130,0.05897429469568594,0.05897429469568594,1.6407798910710103,1.0110374007808993,0.06074797393297393,0.09090909,0.14113389,0.0002729025716114954,2016-05-17,131,1.2380775238850816
131,0.019454663359419574,0.019454663359419574,1.6730132395208237,1.011815625501939,0.0196451386473131,0.09090909,0.13217717,0.0002846951836965255,2016-05-20,132,1.2527061842496758
132,0.024463514875932717,0.024463514875932717,1.71444575015823,1.0266991517739192,0.02476520188762721,0.09090909,0.14845394,0.0004567346716507316,2016-05-25,133,1.2861523767910852
133,0.01883035531500141,0.01883035531500141,1.7470352459168546,1.0060505964496875,0.01900876464339385,0.09090909,0.14845394,2.7194475102543665e-05,2016-05-31,134,1.2939343657958544
134,-0.00696481879840478,-0.00696481879840478,1.7349097369274615,0.9913022304098807,-0.0069406206988282815,0.09090909,0.14845394,2.099099855500608e-05,2016-06-03,135,1.2826800228174249
135,0.0018102987409854136,0.0018102987409854136,1.7380532863813585,1.0074516626161645,0.001811938331422569,0.09090909,0.14845394,1.429171945221408e-05,2016-06-08,136,1.2922381215919545
136,-0.00626899829762385,-0.00626899829762385,1.727191515010865,0.9810876587467884,-0.006249389161771757,0.09090909,0.14845394,3.2579004314868545e-05,2016-06-13,137,1.2677988732559984
137,0.007150548540285417,0.007150548540285417,1.7395861432324375,0.993903778671406,0.0071761747981344826,0.09090909,0.14845394,1.4978303152602679e-05,2016-06-16,138,1.2600700907244877
138,-0.008400999458001442,-0.008400999458001442,1.7250330965627554,1.0040849508254999,-0.00836580972221368,0.09090909,0.14845394,1.4218434700203898e-05,2016-06-21,139,1.2652174150817803
139,-0.027826401400032567,-0.027826401400032567,1.677693335106106,0.9681309072510214,-0.02744281344571131,0.09090909,0.14845394,8.81613412583901e-06,2016-06-24,140,1.2248960839329162
140,0.01803436409058276,0.01803436409058276,1.708223940276544,1.018071956118394,0.01819796534418905,0.09090909,0.14845394,1.2282722654780448e-05,2016-06-29,141,1.2470323522113445
141,0.011347723697588982,0.011347723697588982,1.7277187955967879,1.0019174808786437,0.01141235341607949,0.09090908,0.133653,0.000412554716224348,2016-07-05,142,1.24942351290176
142,0.03754074071970503,0.03754074071970503,1.7938114612361504,1.0293882476241893,0.03825429566883476,0.09090909,0.14845394,0.000407408860084771,2016-07-08,143,1.2861418804864013
143,0.008990821220463584,0.008990821220463584,1.8100120185036068,1.0153332492501994,0.009031360105310249,0.09090909,0.12343844,0.000850391922026646,2016-07-13,144,1.3058626145110195
144,0.00873703306675398,0.00873703306675398,1.8258954393953664,1.0122180867790216,0.008775312389854184,0.09090909,0.13819371,0.0005900123632345924,2016-07-18,145,1.3218177572565952
145,0.003743775137160009,0.003743775137160009,1.8327439931053942,1.0011447321552962,0.0037507918373986815,0.09090909,0.14845394,0.0002714563283966684,2016-07-21,146,1.3233308845467684
146,0.008021781177034339,0.008021781177034339,1.8475049900410156,1.0072984114075891,0.008054041912646248,0.09090909,0.14785686,9.735191861101666e-05,2016-07-26,147,1.3329890977705596
147,0.03846419727818068,0.03846419727818068,1.9199521661934267,1.0126310939991716,0.0392135212315734,0.09090909,0.14845394,7.123904574201334e-05,2016-07-29,148,1.3498262083643706
148,-0.0021211968152548325,-0.0021211968152548325,1.9158838860886718,0.999747115094726,-0.002118948678195842,0.09090909,0.14845394,2.8813231868919376e-05,2016-08-03,149,1.3494848576915321
149,0.02944061584431885,0.02944061584431885,1.9731271923951255,1.02193099869955,0.02987827536005705,0.09090909,0.14547238,7.452053851234126e-05,2016-08-08,150,1.3790804083506274
150,0.00603573821503344,0.00603573821503344,1.9850724847183965,1.0001833662560096,0.006053990016107846,0.09090909,0.14845394,7.512878333371886e-05,2016-08-11,151,1.3793332851618427
151,0.017355171861294608,0.017355171861294608,2.0198244499098594,1.0084670791311081,0.017506647973307032,0.09090909,0.14845394,5.0804062318135085e-05,2016-08-16,152,1.3910122092354793
152,-0.004826791614291754,-0.004826791614291754,2.0100986691853757,0.998925529647693,-0.004815161399258083,0.09090909,0.14845394,7.745078751294903e-06,2016-08-19,153,1.3895176078569587
153,-0.0054765630209549125,-0.0054765630209549125,1.9991203263229584,0.9977505103214671,-0.005461594015614413,0.09090909,0.14194104,0.00016721773242262482,2016-08-24,154,1.3863919023399447
154,0.0025459338533753663,0.0025459338533753663,2.004216438894276,1.0062847559647052,0.0025491775078345658,0.09090909,0.14845394,0.00016630834426070704,2016-08-29,155,1.3951050371175946
155,0.00562949422763581,0.00562949422763581,2.015530981519516,1.0015337514293945,0.005645369634569963,0.09090909,0.14845394,2.161995073142256e-05,2016-09-01,156,1.3972447814624291
156,0.005965353680458645,0.005965353680458645,2.027590269936887,1.0056586219414065,0.005983181865197418,0.09090909,0.14845394,3.515574612764305e-05,2016-09-07,157,1.4051512614403283
157,-0.022480368869752732,-0.022480368869752732,1.9825178134130734,0.9874833405147041,-0.022229568366007535,0.09090909,0.14845394,9.650251119728558e-06,2016-09-12,158,1.3875634615755457
158,0.04095121738849779,0.04095121738849779,2.065389601047767,1.0050937415400403,0.04180128272947137,0.09090909,0.14845394,8.667265172137798e-05,2016-09-15,159,1.394631351219215
159,-0.0002793013038708482,-0.0002793013038708482,2.0648128155886147,1.0004577649354554,-0.0002792623042449094,0.09090909,0.12115759,0.0010387612629505728,2016-09-20,160,1.3952697645496899
160,0.016996646346691485,0.016996646346691485,2.1002076536444325,1.011316062257069,0.017141911261204568,0.09090909,0.14845394,0.0010492509774924288,2016-09-23,161,1.4110587240707402
161,0.02229216124733702,0.02229216124733702,2.1475515599564643,1.0053533826818322,0.02254248822961724,0.09090909,0.14845394,1.8841224242158728e-05,2016-09-28,162,1.4186126614072287
162,0.007318376208793298,0.007318376208793298,2.16332580078375,0.997676033173897,0.00734522100489432,0.09090909,0.14845394,3.297019214951e-05,2016-10-03,163,1.4153158526430287
163,0.0005850336865862578,0.0005850336865862578,2.1645917895450473,1.0126479377667137,0.0005852048548760092,0.09090909,0.14845394,2.8031705316229337e-05,2016-10-06,164,1.433216679467501
164,-0.003203359831071507,-0.003203359831071507,2.1576689172691284,0.997621696289202,-0.003198234562912239,0.09090909,0.14845394,4.065945642971303e-05,2016-10-11,165,1.429808054920346
165,-0.00013797527580917046,-0.00013797527580917046,2.1573712328408012,0.996814309310107,-0.00013796575829805313,0.09090909,0.14845394,1.9259876541974224e-05,2016-10-14,166,1.4252531287114523
166,-0.0011698719199922441,-0.0011698719199922441,2.1548488605167564,1.0033504794664072,-0.0011691878920270238,0.09090909,0.14845394,1.4064669974278437e-05,2016-10-19,167,1.4300284100536327
167,0.030561073327689123,0.030561073327689123,2.2217199767978175,1.0165455822495875,0.031032856877500237,0.09090909,0.14845394,5.2858231184695764e-05,2016-10-24,168,1.4536890627314218
168,-0.017143812500555987,-0.017143812500555987,2.1839558613070635,0.9976401175885854,-0.016997693627071597,0.09090909,0.14845394,2.8052439980453677e-05,2016-10-27,169,1.4502585274806161
169,-0.030234635620368377,-0.030234635620368377,2.1189129799813227,0.9857997901100016,-0.029782140966353454,0.09090909,0.14767085,4.004899393803288e-05,2016-11-01,170,1.4296645519956315
170,-0.02666401313350762,-0.02666401313350762,2.0631608471225604,0.9801227783346659,-0.026311667060179955,0.09090909,0.14845394,3.056304960947933e-05,2016-11-04,171,1.4012467927885437
171,0.0260067164225676,0.0260067164225676,2.1175206830684576,1.0402118274069623,0.026347841963805907,0.09090909,0.13874213,0.0002564055415085785,2016-11-09,172,1.457593486974716
172,0.03318219779317201,0.03318219779317201,2.188963432153774,1.0237960688159857,0.03373886718395114,0.09090909,0.1496299,0.0003258482622459005,2016-11-14,173,1.492278481896499
173,0.0632146272826234,0.0632146272826234,2.331805221307004,1.0233632554172083,0.0652554478777585,0.09090909,0.14845394,0.0002729424004093056,2016-11-17,174,1.5271429652226507
174,0.022664685396940953,0.022664685396940953,2.3852583138802497,1.011839390069347,0.02292348095150265,0.09090909,0.1436472,0.00012176496792352401,2016-11-22,175,1.545223406479581
175,-0.006568105236155721,-0.006568105236155721,2.369643023764909,0.9954314628813545,-0.006546582407646273,0.09090909,0.14845394,0.00012273298888143,2016-11-28,176,1.5381639959904791
176,-0.04002123645738205,-0.04002123645738205,2.2766796422784084,0.993668809445763,-0.03923096456056052,0.09090909,0.14845394,5.128958335097578e-05,2016-12-01,177,1.5284255866281968
177,0.031123839572415768,0.031123839572415768,2.348652886480032,1.0191469084203666,0.03161325065901499,0.09090909,0.14289205,0.00014171936922409756,2016-12-06,178,1.557690211362712
178,0.008062335642785743,0.008062335642785743,2.3676650526880425,1.0223529161811091,0.008094923825250566,0.09090909,0.14845394,0.0001444054075190536,2016-12-09,179,1.5925091300934369
179,0.01671220668761091,0.01671220668761091,2.4075664521062135,1.0028331262163626,0.01685263689341121,0.09090909,0.13183326,0.00047432520771009955,2016-12-14,180,1.5970209094597012
180,0.02019034470138416,0.02019034470138416,2.456670090479797,1.0102459455020514,0.02039554851357317,0.09090909,0.14845394,0.00047019784041401133,2016-12-19,181,1.613383898663662
181,0.016916270584198586,0.016916270584198586,2.4985812776892136,1.0087885215248285,0.0170601609763692,0.09090909,0.14845394,6.030066964837447e-05,2016-12-22,182,1.6275631577848793
182,0.010454842259727773,0.010454842259727773,2.524840580171564,0.998186593125092,0.010509685122845447,0.09090909,0.14845394,1.5592305789371986e-05,2016-12-28,183,1.6246117235652051
183,-0.03237668387756864,-0.03237668387756864,2.4444037793432596,0.9942736758653389,-0.031858170159336785,0.09090909,0.14845394,5.9335552263653225e-05,2017-01-03,184,1.6153086702431003
184,0.026916447515867227,0.026916447515867227,2.511091923390179,1.0084233281975632,0.027281967328996792,0.09090909,0.14845394,4.675871195039788e-05,2017-01-06,185,1.6289149453129272
185,0.013030077814858898,0.013030077814858898,2.5440257458518105,1.005673559052904,0.013115339249376579,0.09090909,0.14845394,1.533897141753282e-05,2017-01-11,186,1.638156690447318
186,-0.007759324419296262,-0.007759324419296262,2.524362211210327,0.9875650519542557,-0.007729298602243362,0.09090909,0.14845394,5.1789137751826894e-05,2017-01-17,187,1.617786297110817
187,0.008915776785854663,0.008915776785854663,2.546969492280937,1.003029293835753,0.008955640743715243,0.09090909,0.14845394,3.253015209524923e-05,2017-01-20,188,1.6226870471682204
188,0.028528177994063045,0.028528177994063045,2.6206762525468505,1.0268456809670197,0.028939003976802713,0.09090909,0.14845394,2.153381657420808e-05,2017-01-25,189,1.6662491859458137
189,0.0037305777169257958,0.0037305777169257958,2.630471147964678,0.9949756371072348,0.0037375449975205477,0.09090909,0.14845394,2.80987541926081e-05,2017-01-30,190,1.6578773453658473
190,0.0382350500799927,0.0382350500799927,2.7329948541343403,1.0014793693367638,0.03897541558248596,0.09090909,0.14845394,4.410615522978709e-05,2017-02-02,191,1.6603299582746969
191,0.007594613432385403,0.007594613432385403,2.7538299105961013,1.011107423920206,0.007623525682912469,0.09090909,0.14845394,6.677198639821136e-05,2017-02-07,192,1.678771946968672
192,-0.006420217935608824,-0.006420217935608824,2.7362063564132906,0.999645168498298,-0.006399652395015165,0.09090909,0.14845394,6.695589825308282e-05,2017-02-10,193,1.6781762657977137
193,0.0010680166196162795,0.0010680166196162795,2.7391302313829216,1.016373929240567,0.001068587156366263,0.09090909,0.14845394,6.958727656263389e-05,2017-02-15,194,1.7056546052270842
194,0.017520102259522833,0.017520102259522833,2.787542932686562,1.009825575081129,0.017674479566164303,0.09090909,0.12317789,0.0008673327914859581,2017-02-21,195,1.7224136426132162
195,-0.03436672742712541,-0.03436672742712541,2.6933716519577504,0.9891967969485481,-0.03378289877603846,0.09090909,0.14845394,0.0008994177247096115,2017-02-24,196,1.7038060582934746
196,0.01497028587125008,0.01497028587125008,2.7339955124171347,1.0166799656311445,0.015082901919553304,0.09090909,0.14845394,1.2819268717442351e-05,2017-03-01,197,1.7322254847879455
197,-0.02046178394749945,-0.02046178394749945,2.6786215438203955,0.9849641901578837,-0.020253862285158908,0.09090909,0.14845394,5.036028100117954e-05,2017-03-06,198,1.7061800717950062
198,0.0038842394588830447,0.0038842394588830447,2.689046184148162,1.0050169149394903,0.0038917929081156988,0.09090909,0.14845394,1.43483056078475e-05,2017-03-09,199,1.7147398320866551
199,0.010901172186696537,0.010901172186696537,2.718520299048855,1.0008682807607518,0.010960806502484655,0.09090909,0.14429942,0.00010472753873300698,2017-03-14,200,1.7162287076925509
200,0.016005658787021274,0.016005658787021274,2.7623820895713282,1.0041723269484566,0.016134435537531022,0.09090909,0.14424007,4.221585371926649e-05,2017-03-17,201,1.7233893749793714
201,0.007892375470160737,0.007892375470160737,2.784270106902549,0.9864960246735902,0.007923602391520346,0.09090909,0.14845394,0.0001036530709605245,2017-03-22,202,1.7001167673818531
202,-0.0013120345142287704,-0.0013120345142287704,2.780619443833908,0.9988393814219535,-0.0013111741779615604,0.09090909,0.14602138,6.056397280103487e-05,2017-03-27,203,1.6981435802767815
203,0.02175955436541513,0.02175955436541513,2.841787566087925,1.0166974233228852,0.02199802004177842,0.09090909,0.14329387,7.11911194177329e-05,2017-03-30,204,1.7264982024997026
204,-0.011325261195936635,-0.011325261195936635,2.809785139501342,0.9944322281212551,-0.011261371880319171,0.09090909,0.12945713,0.00042856284348820247,2017-04-04,205,1.7168854543591212
205,-0.009782942488691071,-0.009782942488691071,2.782431192185881,0.9936121803586943,-0.009735245208221,0.09090909,0.14845394,0.0005668336262459813,2017-04-07,206,1.7059182997318938
206,-0.013227334721055542,-0.013227334721055542,2.745869384050239,0.9882181860017283,-0.013140238018579331,0.09090909,0.14845394,2.8691126460850537e-05,2017-04-12,207,1.6858194876282047
207,0.007955689669342523,0.007955689669342523,2.767801796876362,1.0035523807928084,0.007987420287913327,0.09090909,0.13653845,0.00032150009029941487,2017-04-18,208,1.6918081603961972
208,0.00894539582854586,0.00894539582854586,2.7926719504554027,1.0061530093452637,0.008985525483474976,0.090909086,0.1337734,8.542558880652397e-05,2017-04-21,209,1.7022178718175085
209,0.01417388384604829,0.01417388384604829,2.8325368109958386,1.0220275956101232,0.014274809661741772,0.09090909,0.13296035,2.9822886951620666e-05,2017-04-26,210,1.7397136387382293
210,0.028548905398952516,0.028548905398952516,2.914568015806708,1.0111455063710186,0.02896033142179344,0.09090909,0.14845394,0.00042568047209636813,2017-05-01,211,1.7591036281825343
211,-0.012698858863314877,-0.012698858863314877,2.8777903392936017,1.003327124230558,-0.012618568622742132,0.09090909,0.14845394,2.2900019113079318e-05,2017-05-04,212,1.7649563844879228
212,0.019246974945349802,0.019246974945349802,2.9337155673466992,1.0053715053492849,0.019433392102784497,0.09090909,0.14845394,5.1374116922731086e-05,2017-05-09,213,1.7744368571484541
213,0.08570354152083241,0.08570354152083241,3.1962341004677133,1.0189442968330504,0.08948329416898448,0.09090909,0.14845394,0.00023344526407693744,2017-05-12,214,1.8080523156817796
214,-0.01889607971861297,-0.01889607971861297,3.1364048552284536,0.9837838663884213,-0.018718668082073453,0.09090909,0.14845394,3.191064802262708e-05,2017-05-17,215,1.7787326977539597
215,0.04832623581517148,0.04832623581517148,3.291697632329912,1.0240590070935989,0.04951298836391671,0.09090909,0.15324068,0.00048338810218170436,2017-05-22,216,1.8215272403468385
216,0.005493535923444698,0.005493535923444698,3.309830452624597,1.010368121426608,0.005508653078153625,0.09090909,0.14845394,0.0004914913224590298,2017-05-25,217,1.8404130559566287
217,0.012562443661915581,0.012562443661915581,3.3516722788633913,0.9949057806832258,0.012641682659489284,0.09090909,0.14845394,5.160131512995395e-05,2017-05-31,218,1.831037588216131
218,0.016324732831508107,0.016324732831508107,3.406836478845886,1.013276044779491,0.016458709382291214,0.09090909,0.14880651,0.00013895162754982705,2017-06-05,219,1.8553465252302197
219,0.028218167891061973,0.028218167891061973,3.5043403838194513,1.015057585390327,0.02862007189925242,0.09090909,0.14845394,0.00018477128574797609,2017-06-08,220,1.8832835639625203
220,-0.04120064790961421,-0.04120064790961421,3.3628931560577584,0.989806106273102,-0.040363438556024867,0.09090909,0.1295729,0.0005573208554407356,2017-06-13,221,1.8640855714538724
221,-0.00758633440227555,-0.00758633440227555,3.337477651094384,0.9937982036677735,-0.007557630820828276,0.09090909,0.14845394,0.0005746988358475765,2017-06-16,222,1.8525248923938735
222,0.030099993744731816,0.030099993744731816,3.4394628854234766,1.0095958765741873,0.030557578204501556,0.09090909,0.14845394,3.425430495555118e-05,2017-06-21,223,1.8703014926118946
223,-0.018372800718165553,-0.018372800718165553,3.3768472923408277,0.9937257674294802,-0.018205049790772643,0.09090909,0.14845394,4.709416679782599e-05,2017-06-26,224,1.8585667860702573
224,-0.02209776295362044,-0.02209776295362044,3.3030449575568688,0.998937560621414,-0.02185539599358055,0.09090909,0.1216384,0.0009878937271670673,2017-06-29,225,1.8565921715290044
225,-0.00989765192038811,-0.00989765192038811,3.270513824677084,1.007035217712376,-0.009848831395818047,0.09090909,0.14845394,0.0010124361780132294,2017-07-05,226,1.869653701658804
226,0.034979646492593636,0.034979646492593636,3.386939638290654,1.010032405609166,0.035598630629566363,0.09090909,0.14845394,6.241767671018695e-05,2017-07-10,227,1.8884108259425239
227,0.018909503294623906,0.018909503294623906,3.4515943524603276,1.0118960685748208,0.019089420265636647,0.09090909,0.120908126,0.0010706460976516335,2017-07-13,228,1.9108754906253702
228,0.021810654306378473,0.021810654306378473,3.5277028549511944,1.0084275278526187,0.02205024539938072,0.09090909,0.12913749,0.00048443190831374985,2017-07-18,229,1.926979447045502
229,0.006726807315222376,0.006726807315222376,3.5515130258208782,1.0024327097034693,0.006749483119380617,0.09090909,0.12824148,2.9290181135903544e-05,2017-07-21,230,1.9316672286447154
230,0.013865627288682384,0.013865627288682384,3.601099964446394,1.0157845757573691,0.013962200973218764,0.09090909,0.14756507,0.0006336574643922874,2017-07-26,231,1.9621577763532851
231,-0.041207180622525194,-0.041207180622525194,3.4557246119779097,0.9897650905680048,-0.040369707562626145,0.09090909,0.14845394,4.494275925633569e-05,2017-07-31,232,1.9420752692210241
232,0.022878649346381962,0.022878649346381962,3.5356982802265704,1.0073034729207349,0.023142373084783285,0.09090909,0.14845394,3.918010147678272e-05,2017-08-03,233,1.9562591633598088
233,0.01499322245539928,0.01499322245539928,3.5891091915183284,1.0074363160395687,0.015106184707688097,0.09090909,0.11864354,0.00116273186508456,2017-08-08,234,1.9708065247538546
234,-0.04154400185233284,-0.04154400185233284,3.4430580126806736,0.9786566302532788,-0.04069287699098112,0.09090909,0.14845394,0.0011874262268042127,2017-08-11,235,1.9287428723967823
235,0.029994131880886416,0.029994131880886416,3.547893920611058,1.015751328208859,0.03044848722974658,0.09090909,0.14845394,4.598060586894548e-05,2017-08-16,236,1.9591231344104016
236,-0.026723958204471165,-0.026723958204471165,3.454335840570304,0.9798716008718519,-0.026370033077155908,0.09090909,0.12759434,0.0006377414356671131,2017-08-21,237,1.9196891220198005
237,0.0158470678294962,0.0158470678294962,3.5095129783096604,1.011427626333143,0.01597329856909524,0.09090909,0.122277975,0.0002968650867301715,2017-08-24,238,1.941626611982042
238,0.006581920144753421,0.006581920144753421,3.532688498590793,1.0010309994861346,0.006603628601566047,0.090909086,0.13598242,0.0005940106336372062,2017-08-29,239,1.9436284280212608
239,0.021862252933037424,0.021862252933037424,3.6107714529411665,1.0109727940718753,0.022102983147685107,0.09090909,0.14845394,0.00033134232361432147,2017-09-01,240,1.964955462514181
240,-0.016095209595099098,-0.016095209595099098,3.553120525884038,0.987650535822928,-0.015966373892251973,0.090909086,0.1353303,0.0006823984815048366,2017-09-07,241,1.9406893154203202
241,0.006094371316426704,0.006094371316426704,3.5748406798771786,1.0145107330429288,0.00611297979759251,0.090909086,0.14144285,0.0006031667876465811,2017-09-12,242,1.9688501399956488
242,0.020832087504180898,0.020832087504180898,3.6500931858758485,1.011832719389699,0.021050590148609105,0.09090909,0.13339482,0.00023778585776427317,2017-09-15,243,1.9921469912225869
243,0.0012505050192723663,0.0012505050192723663,3.6546605008680815,1.01257060633536,0.0012512872301195799,0.09090909,0.16177732,0.0012005613331868392,2017-09-20,244,2.0171894868114175
244,-0.05219445102841858,-0.05219445102841858,3.4688001341384425,0.9821317958286709,-0.050855713324258756,0.09090909,0.14845394,0.0010541633523191562,2017-09-25,245,1.9811459332088126
245,0.02082980643940576,0.02082980643940576,3.5418123449632577,1.0150020967821527,0.021048261070524266,0.09090909,0.14845394,1.0299429873946582e-05,2017-09-28,246,2.0108672762383795
246,0.00944009022770159,0.00944009022770159,3.575405685774828,1.0139612471247306,0.009484788447175374,0.09090909,0.1414342,0.0001809845524080217,2017-10-03,247,2.038941491216977
247,0.014862375345766456,0.014862375345766456,3.6289415568854633,1.0123590418068027,0.014973369686028581,0.09090909,0.14959186,0.00039679162217392427,2017-10-06,248,2.0641408543485524
248,0.021714564144035615,0.021714564144035615,3.708604231237951,1.0071275415861622,0.02195204114029825,0.09090909,0.14845394,0.00027429546199519067,2017-10-11,249,2.078853104127618
249,0.02280763467526723,0.02280763467526723,3.7941606833229766,1.0026272747127722,0.023069717540732837,0.09090909,0.14845394,2.201859915534926e-05,2017-10-16,250,2.084314822319661
250,-0.014762242336653764,-0.014762242336653764,3.738561755815158,0.9976468658432501,-0.014653814676906185,0.09090909,0.14220256,0.0001601633641411053,2017-10-19,251,2.0794101499178406
251,0.0012492272732405006,0.0012492272732405006,3.743234987492199,1.0114848915759642,0.0012500078859931651,0.09090909,0.14098127,3.7317292686188974e-05,2017-10-24,252,2.1032919500316063
252,0.058683205218150916,0.058683205218150916,3.9694732879771983,1.031857811386364,0.06043924606415607,0.09090909,0.14845394,0.0002198807486302539,2017-10-27,253,2.1702982282661707
253,0.017319134024264143,0.017319134024264143,4.038819906337622,1.0103171468115066,0.017469979851095552,0.09090909,0.14845394,2.4595246119535757e-05,2017-11-01,254,2.1926895137119455
254,0.02352865738539503,0.02352865738539503,4.134974676835074,1.0109362418384362,0.023807640035290456,0.0909091,0.14849116,4.2061357230166186e-05,2017-11-06,255,2.2166692965105024
255,-0.0015214908244442285,-0.0015214908244442285,4.128688134460759,0.9908780124634842,-0.0015203339477586342,0.09090909,0.13340615,0.0004207123193150303,2017-11-09,256,2.1964488668151563
256,0.00876498972051967,0.00876498972051967,4.165035101305424,0.999357837493953,0.008803514739049723,0.09090909,0.14845394,0.0004158197147220559,2017-11-14,257,2.195038389706438
257,-0.008790619340985083,-0.008790619340985083,4.128582319106607,0.9942555651922745,-0.008752094835261293,0.09090909,0.14845394,7.434760296073651e-06,2017-11-17,258,2.182429134776315
258,0.022771488211127126,0.022771488211127126,4.223674873353934,1.0110141131736854,0.023032737849806084,0.09090909,0.14845394,8.870051347795588e-06,2017-11-22,259,2.2064666562602895
259,0.0003564210136278561,0.0003564210136278561,4.225180548148222,1.0110899369286945,0.0003564845399883776,0.09090909,0.14846344,7.561715958768922e-05,2017-11-28,260,2.230936232313484
260,-0.03384400805370889,-0.03384400805370889,4.084576230758629,0.9943933681757824,-0.03327770631037663,0.09090909,0.14845394,4.8886230439475626e-05,2017-12-01,261,2.218428194235595
261,-0.020027646867129528,-0.020027646867129528,4.003585514084794,0.9970194592843208,-0.019828425789667148,0.090909086,0.14273019,0.00014602948220399537,2017-12-06,262,2.211816078677865
262,0.020858030040366817,0.020858030040366817,4.087969402760251,1.0138493457799347,0.02107707912784451,0.09090909,0.13632868,0.00018239789824957186,2017-12-11,263,2.242448284353094
263,-0.013804443190809847,-0.013804443190809847,4.031924982240603,0.9962626448929721,-0.013709598824738434,0.09090909,0.14845394,0.00034373331650757263,2017-12-14,264,2.234067458805321
264,0.025086374111572572,0.025086374111572572,4.134350734815452,1.0233840760925943,0.02540368509483759,0.09090909,0.14845394,4.2664784518452185e-05,2017-12-19,265,2.286309062258013
265,-0.005904184117342431,-0.005904184117342431,4.110012685674736,0.9993821655119699,-0.0058867886886723175,0.09090909,0.14845394,1.70141054235505e-05,2017-12-22,266,2.2848965016690546
266,0.0011718721772006786,0.0011718721772006786,4.114831918411604,0.9983311329418755,0.0011725590905511396,0.09090909,0.14845394,3.9398531014240844e-05,2017-12-28,267,2.281083313166195
267,0.0321789178766132,0.0321789178766132,4.249396212411457,1.0112456598404096,0.03270225775146529,0.09090909,0.14845394,7.030823573139791e-05,2018-01-03,268,2.3067356001736963
268,0.030368872264224772,0.030368872264224772,4.380425113303874,1.0165464563473405,0.03083471023711848,0.09090909,0.14845394,3.000159126725549e-05,2018-01-08,269,2.344903900086827
269,0.012770321734331888,0.012770321734331888,4.436723259083981,1.010331116894563,0.012852210532973807,0.09090909,0.14845394,1.816180144409707e-05,2018-01-11,270,2.3691293763851404
270,0.01888656462463429,0.01888656462463429,4.521314019799816,1.0215937250265965,0.019066043964459656,0.09090909,0.12881558,0.0005870934515268901,2018-01-17,271,2.420287704691233
271,0.016999238559763076,0.016999238559763076,4.598829904438895,1.0113313024094863,0.01714454786807984,0.09090909,0.14845394,0.0005590266746003454,2018-01-22,272,2.447712716591051
272,0.005340789058667013,0.005340789058667013,4.62345699042568,1.007441509093261,0.00535507650826883,0.09090909,0.14845394,6.414564199269806e-05,2018-01-25,273,2.465927393029254
273,0.01521931412646609,0.01521931412646609,4.694361021622032,1.0078960183766001,0.015335717698505835,0.09090909,0.14845394,6.499352393604912e-05,2018-01-30,274,2.4853984010399746
274,-0.024700587455501577,-0.024700587455501577,4.579827887439229,0.9819000583703331,-0.024398024279613018,0.09090909,0.13835941,0.0002674742437907618,2018-02-02,275,2.4404128350546834
275,-0.012141542037038293,-0.012141542037038293,4.524557924763878,0.9751942567267086,-0.012068130950277811,0.09090909,0.14845394,0.0002699164974932666,2018-02-07,276,2.3798765807874718
276,-0.0007364368971425518,-0.0007364368971425518,4.5212270999791295,0.9950968100459547,-0.0007361657956720391,0.09090909,0.14153256,0.00017830278086327075,2018-02-12,277,2.368207593844687
277,0.0613678991500978,0.0613678991500978,4.8073756801223855,1.042387122207071,0.0632900258747402,0.09090909,0.13257214,0.00027521500315826574,2018-02-15,278,2.468589098536696
278,-0.006951777826167339,-0.006951777826167339,4.774071767223018,0.9973949318280382,-0.00692767012927098,0.09090909,0.12413327,0.0003618572268468262,2018-02-21,279,2.462158255646446
279,0.030085055406679467,0.030085055406679467,4.919882343057589,1.0280041190189348,0.030542183474419504,0.09090909,0.14845394,0.0008083253464014796,2018-02-26,280,2.531108828481022
280,-0.03449499825924896,-0.03449499825924896,4.7530647374564605,0.9641975779820856,-0.03390682824692415,0.09090909,0.13297771,0.0004350281061964177,2018-03-01,281,2.4404890020304757
281,0.024983024800955503,0.024983024800955503,4.873306418349965,1.01716830762031,0.0252977157971237,0.090909086,0.1363642,9.678711138989962e-05,2018-03-06,282,2.482388067961318
282,0.019036512642579297,0.019036512642579297,4.966965823600843,1.024168567561287,0.01921886235148529,0.09090909,0.14845394,0.0003257468644631924,2018-03-09,283,2.542383831695174
283,0.004307010677626722,0.004307010677626722,4.988404734148309,0.9828872774284946,0.004316299187241857,0.09090909,0.14845394,2.139703621627187e-05,2018-03-14,284,2.4988767225130935
284,-0.026245435327211047,-0.026245435327211047,4.859185011361774,0.9836223694756757,-0.025904017350869113,0.09090909,0.14845394,1.4189167209517629e-05,2018-03-19,285,2.4579510428259397
285,-0.011196332575324496,-0.011196332575324496,4.805083394834065,0.9752765591657404,-0.011133886938078819,0.09090909,0.14845394,4.331837037703526e-05,2018-03-22,286,2.397182035645126
286,-0.03448641206878411,-0.03448641206878411,4.642198116071536,0.9809594895140757,-0.03389853315296176,0.09090909,0.14845394,5.8097469549888706e-05,2018-03-27,287,2.3515384659587557
287,-0.032381022498760376,-0.032381022498760376,4.494286679793769,0.9850150403030178,-0.031862370493342396,0.09090909,0.124595776,0.0007821899392676101,2018-04-02,288,2.3163007568204605
288,0.03334656669487712,0.03334656669487712,4.646682528130014,1.0317948398694716,0.03390879558738735,0.09090909,0.12370555,6.801082102706358e-05,2018-04-05,289,2.389947168473103
289,0.006283272091477829,0.006283272091477829,4.675970815622305,1.0037542748065595,0.006303053267570302,0.09090909,0.14845394,0.0008255485159872608,2018-04-10,290,2.3989196869167095
290,0.006797087575412402,0.006797087575412402,4.707862059831767,0.9974297052751452,0.006820240216836693,0.09090909,0.14845394,1.757754092274369e-05,2018-04-13,291,2.392753756300077
291,0.03488558870785432,0.03488558870785432,4.874996949218721,1.0184349378590747,0.03550122906381992,0.09090909,0.14845394,5.194429861650071e-05,2018-04-18,292,2.4368640231095364
292,-0.0380591634673087,-0.0380591634673087,4.692944990333444,0.9881712198397384,-0.037344014936143255,0.09090909,0.12218397,0.0009399424604497514,2018-04-23,293,2.408038894299723
293,-0.0006909812980669626,-0.0006909812980669626,4.6897033731827475,0.999530022932926,-0.0006907426269376904,0.09090909,0.14489071,0.0008594192744225888,2018-04-26,294,2.40690717124278
294,0.026428536677158304,0.026428536677158304,4.815297697947831,1.0026797775540737,0.0267808675242176,0.09090909,0.14845394,8.382194654618671e-05,2018-05-01,295,2.4133571470550153
295,0.04295283438702602,0.04295283438702602,5.026634652417789,1.0147394788054234,0.04388865813219067,0.09090909,0.1364996,0.00032267897794317475,2018-05-04,296,2.44892877357395
296,0.034483723371544865,0.034483723371544865,5.202995037067888,1.031949481274896,0.03508518061189725,0.09090909,0.14845394,0.0003211316232130687,2018-05-09,297,2.5271707775688044
297,0.0007773275460738973,0.0007773275460738973,5.207041040771395,1.0065875292532265,0.000777629744922459,0.09090909,0.13777415,0.0002845858439599849,2018-05-14,298,2.543818588993938
298,-0.01657842400960012,-0.01657842400960012,5.121428130799011,0.9894037671533945,-0.01644175824658023,0.09090909,0.14845394,0.0002886340940932799,2018-05-17,299,2.516863694905435
299,-0.006558819472305078,-0.006558819472305078,5.087947524830932,1.0024219375533003,-0.006537357376301789,0.09090909,0.14845394,2.3000944139967562e-05,2018-05-22,300,2.5229593816046645
300,0.017580520847743586,0.017580520847743586,5.1781871985503445,1.0035002274870721,0.017735967849316747,0.09090909,0.14608441,5.896878300876873e-05,2018-05-25,301,2.5317903133809234
301,0.004830063016786128,0.004830063016786128,5.203258668728729,0.9938893394258996,0.004841746583708506,0.09090909,0.14845394,5.740738418753763e-05,2018-05-31,302,2.5163194021310575
302,0.040748067767920726,0.040748067767920726,5.419660440969831,1.024695545245586,0.04158966255928487,0.09090909,0.14390194,0.00011508900601642267,2018-06-05,303,2.578461281778731
303,-0.008075460220040612,-0.008075460220040612,5.3760704301772035,1.0027257343325282,-0.008042941299995388,0.09090909,0.14451557,1.9915192178260798e-05,2018-06-08,304,2.58548948221957
304,0.0015143095414402866,0.0015143095414402866,5.38421763207612,0.9961493535932345,0.001515456689924255,0.090909086,0.13908239,0.00014925083482574187,2018-06-13,305,2.575533676435131
305,6.122856372981557e-05,6.122856372981557e-05,5.3845473100819055,0.9965349708262831,6.12304383502682e-05,0.09090909,0.12914966,0.00033389924285513934,2018-06-18,306,2.566609377108393
306,-0.015247870987530854,-0.015247870987530854,5.303067204939094,0.9885160006626337,-0.015132210834186588,0.09090909,0.14845394,0.0005564502735575584,2018-06-21,307,2.5371344367224022
307,-0.028822294300015185,-0.028822294300015185,5.152402324678535,0.9756903017092963,-0.028410894004932574,0.09090909,0.12979381,0.0005488424863246855,2018-06-26,308,2.475457464042726
308,-0.004630831767502655,-0.004630831767502655,5.1285975766999945,1.003097226868063,-0.004620126006954606,0.09090909,0.14845394,0.0005570561154871888,2018-06-29,309,2.483124517411106
309,0.006945881753045695,0.006945881753045695,5.1643442113277,1.004936821584051,0.006970060351412233,0.09090909,0.13238363,0.00045522672439765626,2018-07-05,310,2.4953832601245476
310,0.03098871744522279,0.03098871744522279,5.326886090156391,1.0263289366785697,0.031473866221419566,0.09090909,0.14656131,0.00045251597733176815,2018-07-10,311,2.5610840479691297
311,0.009792503844331224,0.009792503844331224,5.379305884397953,1.005727976979091,0.009840607318115646,0.09090909,0.14845394,8.070681305234017e-05,2018-07-13,312,2.575753878437414
312,0.007012677039857589,0.007012677039857589,5.417161799849938,1.0141471356106815,0.00703732345129926,0.09090909,0.14845394,1.9724278139773843e-05,2018-07-18,313,2.612193417855407
313,-0.009157718766060469,-0.009157718766060469,5.367779415594366,1.0035842668775807,-0.009115914584079898,0.09090909,0.13214351,0.00042945902601942423,2018-07-23,314,2.6215562162008608
314,0.01237675464578464,0.01237675464578464,5.434627935057789,1.014945759835301,0.012453663663826608,0.09090909,0.14845394,0.00043099172527888137,2018-07-26,315,2.6607373658029396
315,-0.025768327994450994,-0.025768327994450994,5.296375575669824,0.9773605850492431,-0.025439158124537786,0.09090909,0.14845394,2.350669941322117e-05,2018-07-31,316,2.6004998285035428
316,0.04652306032722452,0.04652306032722452,5.54860083064891,1.0222108787814952,0.04762223739149918,0.09090909,0.1437261,0.00011969425661634572,2018-08-03,317,2.658259214965734
317,0.017009823336380837,0.017009823336380837,5.643788821079782,1.0107459889373318,0.017155314165884894,0.09090909,0.13627662,0.00021214019475712423,2018-08-08,318,2.6868248390823157
318,0.0022023208098141153,0.0022023208098141153,5.656231951521898,0.9844976268892389,0.0022047477034647933,0.09090909,0.14845394,0.00032184067797159336,2018-08-13,319,2.645172677943601
319,0.007069475156829809,0.007069475156829809,5.69636021862316,1.0025515667884621,0.007094522898847044,0.09090909,0.14845394,2.347831437823189e-05,2018-08-16,320,2.6519220126983893
320,-0.0032212064412225384,-0.0032212064412225384,5.678040587860135,1.0032432065569639,-0.0032160239275480507,0.09090909,0.14845394,2.141689895731394e-05,2018-08-21,321,2.6605227435585297
321,0.029967167121117334,0.029967167121117334,5.850770567241787,1.0091367247085545,0.03042070177359335,0.09090909,0.14845394,7.134935342185179e-05,2018-08-24,322,2.684831207447272
322,0.03399209568685809,0.03399209568685809,6.053069321167581,1.020479998362836,0.03457642913883108,0.09090909,0.14845394,2.264463041842524e-05,2018-08-29,323,2.7398165461802835
323,0.016176541309248622,0.016176541309248622,6.151783320174424,0.9970541586121576,0.016308089957212335,0.09090909,0.12730919,0.0006501097359819204,2018-09-04,324,2.73174548120345
324,-0.03875207197646924,-0.03875207197646924,5.917949013846771,0.9769915625990201,-0.03801081640193771,0.090909086,0.14408308,0.0005673736289419024,2018-09-07,325,2.668892286303771
325,0.0015300351840824649,0.0015300351840824649,5.9270106145870685,0.9988633904927341,0.0015312062877013144,0.09090909,0.14845394,0.00011145549695060752,2018-09-12,326,2.6658587979572896
326,-0.011539636836484428,-0.011539636836484428,5.859008180765402,0.9964089393107173,-0.011473310618729915,0.09090909,0.14845394,5.527004847401651e-05,2018-09-17,327,2.656285537224767
327,-0.0010535656810845612,-0.0010535656810845612,5.852838581420174,1.0211488447530126,-0.001053010877418048,0.09090909,0.15069135,0.00036620885648556035,2018-09-20,328,2.712462907671206
328,0.010711177394032302,0.010711177394032302,5.915866321892985,0.9959413164188331,0.010768747436994408,0.09090909,0.14845394,0.00035217698604459363,2018-09-25,329,2.7014538790033167
329,0.02532481835387798,0.02532481835387798,6.067597738151562,1.0041015332913492,0.025648215832237753,0.09090909,0.14695485,4.621926857456868e-05,2018-09-28,330,2.712533982023093
330,0.00766139915145496,0.00766139915145496,6.114262557035527,1.0136134836022686,0.007690822776623474,0.09090909,0.14845394,6.795539984227727e-05,2018-10-03,331,2.7494610189079607
331,-0.05277231998893523,-0.05277231998893523,5.799964785375566,0.9765787560915604,-0.05140403584702247,0.09090909,0.14845394,3.818148854569811e-05,2018-10-08,332,2.6850652217673705
332,-0.08138034532826292,-0.08138034532826292,5.3466569721115915,0.9428338907574982,-0.07815699405744259,0.09090909,0.13954672,0.00023343200877095821,2018-10-11,333,2.5315704899765747
333,0.04525148846054514,0.04525148846054514,5.594158840170958,1.032934189932855,0.04629095701301722,0.09090909,0.15005603,0.0003721810889428153,2018-10-16,334,2.614945713321874
334,-0.03831447229662452,-0.03831447229662452,5.3838757624404625,0.975805230845279,-0.037589758127795525,0.09090909,0.12875696,0.0006689481077072852,2018-10-19,335,2.551677705435924
335,-0.06617280833644648,-0.06617280833644648,5.03914138920551,0.9531544654471719,-0.0640308930677641,0.090909086,0.1345879,0.0003866979438017127,2018-10-24,336,2.4321429993182444
336,-0.06055200076170958,-0.06055200076170958,4.743065740830032,0.992449228912558,-0.0587551778185289,0.09090909,0.15232632,0.0007805083800487179,2018-10-29,337,2.413778444278468
337,0.09503977798588847,0.09503977798588847,5.215961719671138,1.055061215543108,0.09970259842073159,0.09090909,0.13892451,0.0006968580417300427,2018-11-01,338,2.5466840194721927
338,-0.04026499007391881,-0.04026499007391881,5.0101131287197855,0.9903358036973469,-0.03946512685762793,0.090909086,0.14547059,0.00027226774488039134,2018-11-06,339,2.5220723651871837
339,0.0073453112900654875,0.0073453112900654875,5.0470494576686455,1.007155939126207,0.007372354276219406,0.09090909,0.14004682,0.0003305487637479019,2018-11-09,340,2.540120161504352
340,-0.06800079606381175,-0.06800079606381175,4.715255062186312,0.9611679228680546,-0.065740270283699,0.09090909,0.12169346,0.00076288457861173,2018-11-14,341,2.4414820194684057
341,-0.11551678772688408,-0.11551678772688408,4.200847213888177,0.9698617700557922,-0.10909438439998631,0.09090909,0.147082,0.0009834458859535825,2018-11-19,342,2.3679000729610182
342,-0.026333852476867876,-0.026333852476867876,4.091666605236943,0.976612799481153,-0.02599014034366165,0.09090909,0.14845394,9.135199833844643e-05,2018-11-23,343,2.3125215191460864
343,0.08645369458943993,0.08645369458943993,4.461147700109642,1.0616025605247161,0.09030087993967983,0.09090909,0.14845394,6.138854990733842e-05,2018-11-28,344,2.4549787659939915
344,0.049906741518625196,0.049906741518625196,4.689438284015557,1.025548975029522,0.05117306111615716,0.09090909,0.11797842,0.0010727582772848733,2018-12-03,345,2.5177009571843785
345,-0.10683189108873017,-0.10683189108873017,4.214289089083216,0.9212964045048753,-0.1013232643559755,0.09090909,0.14845394,0.0010709490963035908,2018-12-07,346,2.319548839472451
346,0.011082298899000108,0.011082298899000108,4.261252853098409,1.00295029083689,0.011143935079548362,0.09090909,0.14845394,1.6418882062006617e-05,2018-12-12,347,2.326392183159265
347,-0.05043214668320432,-0.05043214668320432,4.051677801108186,0.9658195920589878,-0.049181557446852375,0.09090909,0.12990488,0.0005446125117353835,2018-12-17,348,2.2468751493080994
348,-0.043170577723266906,-0.043170577723266906,3.8804863331588026,0.9750545943134739,-0.0422519944459947,0.09090909,0.1264388,0.00012569282816672408,2018-12-20,349,2.1908259371816348
349,-0.0013715556219058215,-0.0013715556219058215,3.8751676785482028,0.999541847349239,-0.0013706154728988507,0.09090909,0.12765077,5.68519659652799e-05,2018-12-26,350,2.189822204471159
350,0.011444346804392377,0.011444346804392377,3.919771183671333,1.010769185499516,0.01151008390425079,0.09090909,0.124670066,7.381448379049597e-05,2018-12-31,351,2.213404806002068
351,0.00405180229117118,0.00405180229117118,3.9356855407165914,1.0185382514924277,0.004060021950146764,0.09090909,0.12953201,0.0001715963798460947,2019-01-04,352,2.2544374609502826
352,0.04463098323736441,0.04463098323736441,4.115317822393189,1.022291264827462,0.04564192942200651,0.09090909,0.12041465,0.0006008314781512192,2019-01-09,353,2.3046917234292765
353,0.006132644135898568,0.006132644135898568,4.1406331477652465,1.0044178710822291,0.006151487312670234,0.090909086,0.12073556,0.0001204592324200484,2019-01-14,354,2.3148735543476677
354,0.02994693468713505,0.02994693468713505,4.266507791278956,1.0275955334249298,0.03039985408551482,0.09090909,0.14845394,0.0010909906443505907,2019-01-17,355,2.3787537248911548
355,-0.018901499826101772,-0.018901499826101772,4.186621756125621,0.9936659164168546,-0.018723986703276907,0.090909086,0.13250808,0.0004509599624292164,2019-01-23,356,2.363686499973976
356,-0.02312443596098751,-0.02312443596098751,4.090919286635348,0.9944565610628572,-0.022859115311825606,0.09090909,0.15017124,0.0006459285201492584,2019-01-28,357,2.3505835481948214
357,0.0506834717981686,0.0506834717981686,4.303605592268629,1.023633799320744,0.05198985624774055,0.09090909,0.13826998,0.0004903245039834075,2019-01-31,358,2.4061367680595005
358,0.022011271067325533,0.022011271067325533,4.399383653201281,1.021511024396419,0.022255306365601024,0.09090909,0.13216113,0.0002030210887294971,2019-02-05,359,2.457895234778349
359,-0.022397559696840583,-0.022397559696840583,4.301943479406874,0.9782828250067325,-0.022148596593412173,0.09090909,0.12552045,0.0003206996413289988,2019-02-08,360,2.404516693849549
360,0.019962712748558476,0.019962712748558476,4.388684857565198,1.0188589192296083,0.02016330027894364,0.09090909,0.14147939,0.0005859950892627263,2019-02-13,361,2.4498632799651023
361,0.007700593920492865,0.007700593920492865,4.422610794860476,1.0103106195882066,0.0077303197646547694,0.09090909,0.12128077,0.0008586747296952289,2019-02-19,362,2.4751228882879386
362,0.012179796278234734,0.012179796278234734,4.476806670862723,1.0072076755755666,0.01225427208408858,0.09090909,0.13971041,0.0010689603415829417,2019-02-22,363,2.4929627710763773
363,0.0038178112385135183,0.0038178112385135183,4.493930941538269,1.006749166174405,0.003825108371777297,0.09090909,0.12026143,0.001154128760599182,2019-02-27,364,2.509788191084977
364,0.01497913603850066,0.01497913603850066,4.561752833158874,1.0062488985210891,0.015091885590344356,0.09090909,0.14845394,0.001228984150050359,2019-03-04,365,2.525471602800495
365,-0.03621657496837237,-0.03621657496837237,4.399497667165915,0.9795577030415504,-0.03556860091444325,0.09090909,0.13503876,0.00036565559883602276,2019-03-07,366,2.4738451623359157
366,0.021903812726016793,0.021903812726016793,4.4969265773618154,1.015228781132785,0.022145462406544025,0.09090909,0.12174075,0.0006732202969308373,2019-03-12,367,2.511518808869528
367,0.02737926312090703,0.02737926312090703,4.621750104263573,1.0197775245587204,0.027757519442309198,0.09090909,0.13303141,0.0007507169188949,2019-03-15,368,2.561190433791633
368,0.02676942545152561,0.02676942545152561,4.747142553360063,1.0070118593125725,0.027130945262664685,0.09090909,0.14312778,0.001039028975467367,2019-03-20,369,2.5791491407860865
369,-0.005537532879686601,-0.005537532879686601,4.7209277450006395,0.9789541570594303,-0.0055222290177210365,0.09090909,0.13429,0.0002577518592184532,2019-03-25,370,2.5248687730487975
370,0.006851595116325453,0.006851595116325453,4.753384694517278,1.0068689552064762,0.006875121007943852,0.090909086,0.13810337,0.00026454761338480986,2019-03-28,371,2.5422119835531003
371,0.02710088894637648,0.02710088894637648,4.883967103010575,1.0239661062253922,0.027471458105193136,0.09090909,0.14845394,0.00031811915208084326,2019-04-02,372,2.603138905998399
372,0.02376095641144028,0.02376095641144028,5.001404520160107,1.013354356203622,0.024045497169123298,0.09090909,0.14862747,8.334943922497534e-05,2019-04-05,373,2.6379021501966085
373,0.009822990299647083,0.009822990299647083,5.050775355978438,0.994691654303384,0.0098713942492199,0.09090909,0.14845394,8.375438668150298e-05,2019-04-10,374,2.623899253669518
374,-0.012424270634442153,-0.012424270634442153,4.988411371646987,1.0060058406234136,-0.012347408058375087,0.09090909,0.13369513,0.0004111685908690335,2019-04-15,375,2.639657974398951
375,0.012888970269122122,0.012888970269122122,5.053122994877081,1.0188395159935242,0.012972391089856927,0.09090909,0.12322476,0.0004535846532635955,2019-04-18,376,2.6893878530250737
376,0.020217877196459167,0.020217877196459167,5.156326174410981,1.0064130267928244,0.020423642891441274,0.09090909,0.14845394,0.0008407143655055724,2019-04-24,377,2.70663496938282
377,-0.018562673870793876,-0.018562673870793876,5.061493866716065,0.9966371264805126,-0.01839144857932673,0.09090909,0.14845394,7.404910713545044e-05,2019-04-29,378,2.697532898317364
378,0.008025503555446482,0.008025503555446482,5.102278342892754,0.9874879045785208,0.00805779425020825,0.09090909,0.14845394,4.547464933798942e-05,2019-05-02,379,2.6637811092910377
379,-0.02520140469135056,-0.02520140469135056,4.975300491726526,0.9834967522060581,-0.024886500232411457,0.09090909,0.14845394,6.0577269788122255e-05,2019-05-07,380,2.6198200695755864
380,-0.021977784813982767,-0.021977784813982767,4.867147245640022,0.9864650674643461,-0.021738032962301035,0.09090909,0.14845394,9.50812460481107e-06,2019-05-10,381,2.584360981678329
381,-0.03271481759460734,-0.03271481759460734,4.710495794021881,0.9788709427102364,-0.032185476155147996,0.09090909,0.14845394,3.889186262910877e-05,2019-05-15,382,2.529755870439018
382,-0.03276981473948118,-0.03276981473948118,4.558635525120807,0.9876615126242612,-0.03223870172940202,0.09090909,0.14845394,4.4235125013926544e-05,2019-05-20,383,2.498542509567905
383,-0.024070092647880514,-0.024070092647880514,4.450218780382206,0.9915126552017948,-0.023782718346566534,0.09090909,0.14845394,9.251398716435267e-06,2019-05-23,384,2.477336517796229
384,-0.01909662464707842,-0.01909662464707842,4.366040937040488,0.9899676601290538,-0.01891543932913986,0.09090909,0.13980868,0.0002260349622247715,2019-05-29,385,2.452483035874991
385,-0.0473891760398778,-0.0473891760398778,4.163963804613587,0.9680023438849076,-0.04628383822802129,0.09090909,0.14845394,0.00023002552946534615,2019-06-03,386,2.374009327064965
386,0.05822096750773216,0.05822096750773216,4.413590038191681,1.041588290761881,0.059949184308834,0.09090909,0.14845394,3.703690292181788e-05,2019-06-06,387,2.47274031723036
387,0.052762318103942316,0.052762318103942316,4.65271418085381,1.026756119928555,0.0541790561862201,0.09090909,0.14845394,1.2856773041008407e-05,2019-06-11,388,2.538901253710349
388,-0.016155068338673154,-0.016155068338673154,4.5781531559761,0.9919196415522044,-0.0160252751360771,0.09090909,0.14845394,4.157485052821486e-05,2019-06-14,389,2.5183860215168115
389,0.034740215940095936,0.034740215940095936,4.739994103713822,1.0210776648562017,0.035350706327170967,0.09090909,0.14845394,3.740777900949732e-05,2019-06-19,390,2.5714677180568857
390,0.0007155288652802715,0.0007155288652802715,4.743386920007684,1.0050796289387853,0.0007157849186361087,0.09090909,0.14925867,0.00021374304450626352,2019-06-24,391,2.58452981989268
391,0.02411795867245477,0.02411795867245477,4.859178444850967,0.9991512435114493,0.02441114899458685,0.09090909,0.14931038,7.411969165120006e-05,2019-06-27,392,2.5823361834381933
392,0.006364941788341179,0.006364941788341179,4.890205470713576,1.014767038411475,0.0063852410885396615,0.09090909,0.14043412,0.0003448803380945087,2019-07-02,393,2.620469641050367
393,-0.011944516902956226,-0.011944516902956226,4.832141790330468,0.9974297002383895,-0.011873464362763264,0.09090909,0.14845394,0.00020915581880419351,2019-07-08,394,2.6137342485566677
394,0.029939531813341507,0.029939531813341507,4.979001336571245,1.0158596427160242,0.030392226183150406,0.09090909,0.14845394,4.40850263718072e-05,2019-07-11,395,2.6551871398934126
395,0.007579336956219345,0.007579336956219345,5.016882240205677,1.0008679397594789,0.007608132851098848,0.09090909,0.14845394,9.945666441526363e-06,2019-07-16,396,2.657491682380983
396,-0.007984628889601575,-0.007984628889601575,4.976983796363183,1.0012090711593795,-0.007952836429514942,0.09090909,0.14845394,2.6990666563364018e-05,2019-07-19,397,2.660704778930441
397,0.03570083239631434,0.03570083239631434,5.15787605049471,1.0243563228434214,0.03634575910488391,0.09090909,0.14845394,3.905960676253928e-05,2019-07-24,398,2.725509763517105
398,-0.02052279260050039,-0.02052279260050039,5.053100847182708,0.9941365475477266,-0.020313633419312693,0.09090909,0.14845394,4.271958724408123e-05,2019-07-29,399,2.7095288666105155
399,-0.03135056667616656,-0.03135056667616656,4.897140764007191,0.9717854633013395,-0.030864233248475537,0.09090909,0.14845394,4.438167851551378e-05,2019-08-01,400,2.633080764967453
400,-0.05746511775132739,-0.05746511775132739,4.623659075857171,0.9705212462094138,-0.05584517605865946,0.09090909,0.14845394,3.602303085715547e-05,2019-08-06,401,2.555460825386249
401,0.014106511085761539,0.014106511085761539,4.689344984253109,1.0067318491689474,0.014206477449629107,0.09090909,0.13787846,0.0002815189990886989,2019-08-09,402,2.5726638022199033
402,-0.014569993801453279,-0.014569993801453279,4.6215165863294105,0.9721914265566397,-0.014464365098210474,0.09090909,0.14845394,0.0002731984025104154,2019-08-14,403,2.5011216919307966
403,0.06619135423531033,0.06619135423531033,4.937772265266928,1.0413260285857744,0.06843114657924443,0.09090909,0.14845394,0.00010833326984225941,2019-08-19,404,2.6044831184680293
404,0.0025883463405205506,0.0025883463405205506,4.9505694847394155,1.0045772610550225,0.0025916990061500833,0.09090909,0.14845394,1.4822438859515702e-05,2019-08-22,405,2.6164045176146566
405,-0.040590200206466254,-0.040590200206466254,4.753648445938095,0.9769660420719944,-0.039777451747389336,0.09090909,0.14845394,2.8985223777970303e-05,2019-08-27,406,2.556138366033277
406,0.022050212415979514,0.022050212415979514,4.859631585357227,1.025857581600179,0.022295115136183874,0.09090909,0.14845394,2.3005242593229502e-05,2019-08-30,407,2.6222339224143303
407,0.04198421711447874,0.04198421711447874,5.068002961218877,1.0261599620977022,0.04287801908471889,0.09090909,0.13993566,0.0002224638818575521,2019-09-05,408,2.690831462435998
408,0.007810489919097252,0.007810489919097252,5.107741534180661,1.0131531701543102,0.007841071377793218,0.09090909,0.14845394,0.00022914382573605425,2019-09-10,409,2.72622442651799
409,0.0065675455384253565,0.0065675455384253565,5.141397256142249,1.0140094322408812,0.0065891591687570195,0.09090909,0.12822393,0.0006111890573728649,2019-09-13,410,2.7644172828947293
410,-0.0020528682991156283,-0.0020528682991156283,5.1308534708855404,0.9993466892903946,-0.002050762610127488,0.09090909,0.14845394,0.0006213419223379999,2019-09-18,411,2.762611259477996
411,-0.02172407255210482,-0.02172407255210482,5.020592433308368,0.9897043718708983,-0.021489804416134017,0.09090909,0.14845394,1.2060492114285005e-05,2019-09-23,412,2.7341684412851412
412,-0.001979607168422007,-0.001979607168422007,5.01066346349029,1.0005484129745872,-0.0019776490424129323,0.09090909,0.14845394,3.928456300569261e-05,2019-09-26,413,2.735667894733049
413,8.481929429487409e-06,8.481929429487409e-06,5.010705963764509,0.990594563139851,8.481965418027926e-06,0.09090909,0.14845394,3.554871567976181e-05,2019-10-01,414,2.7099377430788003
414,0.01939525481191618,0.01939525481191618,5.108838459051539,1.0072028591872106,0.019584564729338894,0.09090909,0.14845394,4.278772614639006e-05,2019-10-04,415,2.7294570430483045
415,-0.005688166911081516,-0.005688166911081516,5.079861025488151,0.9923909803206566,-0.00567201993088029,0.09090909,0.14845394,9.638946655868147e-06,2019-10-09,416,2.7086885506938274
416,0.02501236246453207,0.02501236246453207,5.2085227096282605,1.019897276540868,0.025327796074449793,0.09090909,0.14211804,0.00016243977830717002,2019-10-14,417,2.7625840758500657
417,0.022419286463567854,0.022419286463567854,5.326612874945503,1.0111607687074866,0.02267248736363303,0.09090909,0.14845394,0.00015722951151887738,2019-10-17,418,2.7934166377556138
418,0.004799247180801803,0.004799247180801803,5.352238048402653,0.999100933500592,0.004810782022039328,0.09090909,0.14845394,2.8208599759188963e-05,2019-10-22,419,2.790905170437719
419,0.0232665034535643,0.0232665034535643,5.478225878447552,1.023581495712719,0.02353927999941985,0.09090909,0.14845394,4.245640909913195e-05,2019-10-25,420,2.8567188887490014
420,-0.003495899610627221,-0.003495899610627221,5.459107987281817,1.0035402301917598,-0.0034897960744826317,0.09090909,0.14845394,2.3515953652247514e-05,2019-10-30,421,2.866832331208321
421,0.035763059603333536,0.035763059603333536,5.657875473914869,1.0217559095627666,0.0364102500071668,0.09090909,0.14845394,3.632303204727294e-05,2019-11-04,422,2.9292028761377047
422,-0.00298098080601768,-0.00298098080601768,5.641034569372113,1.0083120483365131,-0.0029765420996624714,0.09090909,0.14845394,2.252311649230024e-05,2019-11-07,423,2.9535505520316145
423,0.0033607656032226623,0.0033607656032226623,5.660024657095855,1.0025638445072547,0.003366419313727942,0.09090909,0.14845394,1.5091626573772305e-05,2019-11-12,424,2.9611229963913397
424,-0.011107554737476084,-0.011107554737476084,5.597503494716137,1.0019122672380751,-0.011046093642248844,0.09090909,0.14845394,4.2988853613885606e-05,2019-11-15,425,2.9667854548852497
425,0.009260391262319465,0.009260391262319465,5.649579316358228,0.9992350258577438,0.009303401362991348,0.09090909,0.14845394,4.109575034366264e-05,2019-11-20,426,2.9645159407266406
426,0.024915347942961106,0.024915347942961106,5.792108763241433,1.0147248073276869,0.02522832920860396,0.09090909,0.14845394,3.613673898340553e-05,2019-11-25,427,3.0081678667736966
427,-0.0009809207250374983,-0.0009809207250374983,5.786429949392537,0.9969581125980167,-0.0009804397812651633,0.090909086,0.14849429,0.0002707042560689223,2019-11-29,428,2.999017358836707
428,-0.026143834126680147,-0.026143834126680147,5.637110875764434,0.9829494811870341,-0.02580504299439046,0.09090909,0.14845394,0.0002568195713609971,2019-12-04,429,2.94788255693945
429,0.008793470082329865,0.008793470082329865,5.68689922705418,1.0103649426411574,0.00883224623162926,0.09090909,0.14845394,2.5122977196606193e-05,2019-12-09,430,2.978437190554996
430,0.0247595152950942,0.0247595152950942,5.829461701690162,1.014334809323846,0.025068577610408926,0.09090909,0.13942756,0.0002581540537370551,2019-12-12,431,3.0211325197646532
431,0.022503605227942584,0.022503605227942584,5.962132796909047,1.0029944630471976,0.022758721475161003,0.09090909,0.14845394,0.0002466565331900926,2019-12-17,432,3.0301791894557755
432,0.014093872035044837,0.014093872035044837,6.04675727624392,1.0067269408854875,0.014193658916612062,0.09090909,0.14845394,5.633703970159443e-05,2019-12-20,433,3.050563025735679
433,0.02716917957339782,0.02716917957339782,6.2132948106670876,1.0150012292390835,0.027541627158981452,0.09090909,0.14845394,4.596663734044299e-05,2019-12-26,434,3.096325220993012
434,-0.004895519241193602,-0.004895519241193602,6.182951839221798,0.9951958547988998,-0.004883555725248456,0.09090909,0.14845394,2.9736041362759675e-05,2019-12-31,435,3.081450025041533
435,0.01919764883098812,0.01919764883098812,6.302796666305495,1.0105042455091207,0.01938310861867909,0.09090909,0.14845394,1.949342186250397e-05,2020-01-06,436,3.1138183326286555
436,0.018778788323668683,0.018778788323668683,6.422273858341772,1.0076781579027534,0.01895621870129438,0.09090909,0.14845394,3.263218792028649e-05,2020-01-09,437,3.1377267214670668
437,0.003544153382247221,0.003544153382247221,6.4450757648530805,0.997875834366124,0.003550441325651743,0.09090909,0.14845394,3.3565875284582994e-05,2020-01-14,438,3.131061670196832
438,0.00825146940735399,0.00825146940735399,6.49847712729821,1.004686816197665,0.008285606623329889,0.09090909,0.14845394,1.8256658407300037e-05,2020-01-17,439,3.1457363807485987
439,0.00880902004012176,0.00880902004012176,6.555975221749143,1.0020719824770603,0.00884793365039327,0.09090909,0.14845394,1.2045714408593644e-05,2020-01-23,440,3.152254291406961
440,-0.013703721453773745,-0.013703721453773745,6.466746740801472,0.9929644750637258,-0.013610252926469113,0.09090909,0.14845394,1.4821287523455324e-05,2020-01-28,441,3.13007652773429
441,0.0037278318832492906,0.0037278318832492906,6.490898674725266,0.9935158984395245,0.0037347888964647247,0.09090909,0.14845394,0.00013285665639101136,2020-01-31,442,3.1097807936364004
442,0.03748222708974626,0.03748222708974626,6.738809107010436,1.0361738104839715,0.038193545255990724,0.09090909,0.14845394,3.647862373188121e-05,2020-02-05,443,3.222273414712098
443,0.03192794205443931,0.03192794205443931,6.957437011541714,1.0201900331795715,0.03244310694360486,0.09090909,0.14845394,4.811591677950658e-05,2020-02-10,444,3.2873312218687865
444,0.015687587808526922,0.015687587808526922,7.067443024196446,1.0050481864393728,0.015811284022010152,0.09090909,0.14845394,2.2747726312526972e-05,2020-02-13,445,3.3039262827647513
445,0.05426254221627095,0.05426254221627095,7.4615360002700255,1.013025617320876,0.0557617478802932,0.09090909,0.14845394,0.00016771709317290606,2020-02-19,446,3.3469619621804294
446,-0.09966063367472237,-0.09966063367472237,6.753768580873431,0.9358963252684869,-0.09485545863090128,0.09090909,0.14845394,6.779942176798392e-05,2020-02-24,447,3.132409401218068
447,-0.07619140463775795,-0.07619140463775795,6.258304192278299,0.9239396362351845,-0.0733611734933115,0.09090909,0.14845394,2.002999528785382e-05,2020-02-27,448,2.894157202701094
448,0.04029092453486548,0.04029092453486548,6.515605705762778,1.0078005458224655,0.04111361569831429,0.09090909,0.14845394,4.491345740236991e-05,2020-03-03,449,2.9167332085781825
449,-0.0015309340397313823,-0.0015309340397313823,6.505638374792934,0.9689696091815505,-0.0015297627603567676,0.09090909,0.14845394,4.361488357914195e-06,2020-03-06,450,2.8262258372028515
450,-0.055834485980004706,-0.055834485980004706,6.152353903334251,0.9052712156502847,-0.05430435125744715,0.09090909,0.14845394,3.3991754981155806e-05,2020-03-11,451,2.558500899346869
451,-0.1417360774349426,-0.1417360774349426,5.339322004255562,0.8610871648637929,-0.13214972868158126,0.09090909,0.14845394,0.00013655852977147525,2020-03-16,452,2.20309228572006
452,0.06710440262016293,0.06710440262016293,5.70990897470281,1.0070331139268984,0.06940712138205574,0.09090909,0.14845394,9.177839884106739e-05,2020-03-19,453,2.2185868847570003
453,0.14516293612971978,0.14516293612971978,6.6019563285295195,1.0725496640758416,0.15622794650122063,0.0909091,0.14300758,0.0016699341562785243,2020-03-24,454,2.379544617969189
454,0.09087926625443905,0.09087926625443905,7.230045178527868,1.0374374800914739,0.09513677745551585,0.09090909,0.14845394,0.0003399577045710943,2020-03-27,455,2.468628772231184
455,-0.024411923576894756,-0.024411923576894756,7.055682787678257,0.9478910927264598,-0.024116362559869042,0.09090909,0.14990737,0.0014717086266261092,2020-04-01,456,2.339991224446196
456,0.07688678234904972,0.07688678234904972,7.619571570339824,1.08020051735129,0.07991980360090989,0.09090909,0.14845394,0.00032793479216507686,2020-04-06,457,2.5276597312442592
457,0.006611038905985993,0.006611038905985993,7.670111731916782,1.0456480595660425,0.00663294006892623,0.09090909,0.13569649,0.001550894373435216,2020-04-09,458,2.643042493218784
458,0.0743655005205581,0.0743655005205581,8.262247816681871,0.9979800643151627,0.07720045097923411,0.09090909,0.14043353,0.001437606027366693,2020-04-15,459,2.63770371737019
459,0.010721847600996159,0.010721847600996159,8.351310986378586,1.0048923505188059,0.01077953260090947,0.09090909,0.14845394,0.00021167760419055917,2020-04-20,460,2.6506082885203224
460,-0.005554183463762401,-0.005554183463762401,8.305054849390068,0.9842580478220211,-0.005538787510603327,0.09090909,0.14582679,6.549806382643131e-05,2020-04-23,461,2.608882539599881
461,0.0009864493320332474,0.0009864493320332474,8.313251407288485,1.016170373684228,0.0009869360343861544,0.09090909,0.14845394,8.239585960557402e-05,2020-04-28,462,2.651069145163469
462,-0.0013692187189951158,-0.0013692187189951158,8.301876536952012,0.9995938576683884,-0.0013682817683704496,0.09090909,0.14845394,6.501555328513694e-05,2020-05-01,463,2.6499924337595884
463,0.03971331699053259,0.03971331699053259,8.638205764246322,0.9979711940771999,0.040512434242703455,0.09090909,0.14845394,2.0096732571096428e-05,2020-05-06,464,2.6446161134146013
464,0.05147070433444761,0.05147070433444761,9.094461478234473,1.0280685439390225,0.05281834288743159,0.09090909,0.14845394,4.829961688896628e-05,2020-05-11,465,2.718846636995826
465,-0.010085762668532753,-0.010085762668532753,9.003197903075131,0.9758596502114508,-0.010035071936668305,0.09090909,0.14845394,1.2359940096605405e-05,2020-05-14,466,2.6532127281573263
466,0.043440846248497623,0.043440846248497623,9.402923796410736,1.0285083379091762,0.044398212461715936,0.09090909,0.14845394,8.301097284187362e-05,2020-05-19,467,2.7288514131565624
467,0.012672656894314854,0.012672656894314854,9.52284206025514,1.0151408402032087,0.012753295298445266,0.09090909,0.14845394,2.9400874643105978e-05,2020-05-22,468,2.7701685163414664
468,-0.022506631817321737,-0.022506631817321737,9.310908857337257,1.0320938725112436,-0.02225524707612392,0.09090909,0.14372489,0.0001384185813452492,2020-05-28,469,2.85907395153959
469,0.027996512174233663,0.027996512174233663,9.575265090296236,1.0166768270667088,0.028392097593207488,0.09090909,0.14845394,0.00012036892910501132,2020-06-02,470,2.9067542334003478
470,0.013462113429407155,0.013462113429407155,9.705039957280114,1.0786486539469589,0.013553135684503781,0.09090909,0.14845394,1.9180059437169937e-05,2020-06-05,471,3.1353665412119094
471,0.05348329246558543,0.05348329246558543,10.238228701878558,1.0066225553560766,0.054939366241195,0.09090909,0.13977118,0.00022709171723703014,2020-06-10,472,3.1561306796926756
472,-0.026142079853304932,-0.026142079853304932,9.9740482674307,0.9623055834171249,-0.025803333969223186,0.09090909,0.14845394,0.00022130732631006159,2020-06-15,473,3.037162175062347
473,0.02039976056586671,0.02039976056586671,10.179605999899715,1.0065494299567304,0.020609257841697426,0.09090909,0.14845394,2.5820796751349213e-05,2020-06-18,474,3.057053855995149
474,0.03562420824093651,0.03562420824093651,10.548783184404108,1.0099119724087673,0.0362663529912679,0.09090909,0.14845394,1.787932270698664e-05,2020-06-23,475,3.0873552894678884
475,-0.03125497992196699,-0.03125497992196699,10.22418032955495,0.9534272502641916,-0.03077159224668391,0.09090909,0.14845394,8.399189015664554e-06,2020-06-26,476,2.9435686642259764
476,0.0454487536878278,0.0454487536878278,10.699577867757608,1.0306255484391307,0.046497374154134574,0.09090909,0.14845394,3.579019796557212e-05,2020-07-01,477,3.033717068936136
477,0.033290427545863664,0.033290427545863664,11.06176665048017,1.0099592392673662,0.03385075441284391,0.09090909,0.14845394,1.6610070770966268e-05,2020-07-07,478,3.0639305830951638
478,0.051179788569562956,0.051179788569562956,11.642643313012437,1.033224603592187,0.0525121059670024,0.09090909,0.14845394,3.6517903509935e-05,2020-07-10,479,3.165728462152479
479,-0.02195935001197154,-0.02195935001197154,11.38976511532686,0.9959089396519363,-0.021719998705358123,0.09090909,0.14845394,6.894361529444629e-05,2020-07-15,480,3.1527772759682304
480,0.03157635927988546,0.03157635927988546,11.755150847633328,1.0018893119423173,0.03208018151443515,0.09090909,0.14817688,5.1109951845905725e-05,2020-07-20,481,3.158733855727184
481,-0.05416421079290727,-0.05416421079290727,11.135378629796213,0.9906158955087689,-0.0527234593473459,0.09090909,0.14845394,3.38550062806835e-05,2020-07-23,482,3.129091967165051
482,0.004595361762375458,0.004595361762375458,11.186667478156386,0.9751143819622009,0.004605936633616858,0.09090909,0.1396529,0.00023042925941930192,2020-07-28,483,3.051222579665036
483,0.07467316549115444,0.07467316549115444,12.053991272501097,1.005495593439808,0.07753191878084231,0.09090909,0.14845394,0.00023237836477853097,2020-07-31,484,3.0679908584572373
484,0.03626648063140713,0.03626648063140713,12.499170869747804,1.0277094800940558,0.03693213203682166,0.09090909,0.14667062,6.888259253903614e-05,2020-08-05,485,3.1530032900784035
485,-0.0008986995102315653,-0.0008986995102315653,12.487942917033374,1.0106633325091436,-0.0008982958014923659,0.09090909,0.14845394,7.49550108008631e-05,2020-08-10,486,3.1866248125629335
486,0.01386977302578426,0.01386977302578426,12.662354580116165,1.0050780946418791,0.013966404574519364,0.09090909,0.17013562,0.0011316303782518433,2020-08-13,487,3.2028067949492884
487,0.0394099742067255,0.0394099742067255,13.171341349779667,1.0011371399184148,0.04019685015477048,0.09090909,0.14845394,0.0011504817027926202,2020-08-18,488,3.2064488344067956
488,0.027539168059065946,0.027539168059065946,13.539109910291051,1.006740296974213,0.027921876044730842,0.090909086,0.12952715,0.000559086998963472,2020-08-21,489,3.2280612517833163
489,0.023445073783467933,0.023445073783467933,13.860285623859626,1.0229250469554187,0.02372207003980753,0.09090909,0.14234664,0.00040386344703006804,2020-08-26,490,3.3020647075554166
490,0.0227939065948853,0.0227939065948853,14.17984383423218,1.0117579027550407,0.02305567280824672,0.09090909,0.14845394,0.00015278505670098132,2020-08-31,491,3.340890063277705
491,-0.03549587768700138,-0.03549587768700138,13.685346067063547,0.9868236058209683,-0.03487328724840011,0.09090909,0.13470657,0.0003784331419484517,2020-09-03,492,3.296869178895148
492,-0.02811808952995526,-0.02811808952995526,13.30589993073609,0.9766330076007286,-0.027726455324404875,0.09090909,0.14845394,0.00038755248082070567,2020-09-09,493,3.219831261850513
493,-0.01856347455594409,-0.01856347455594409,13.061174698756146,0.9918044898960882,-0.01839223451655747,0.09090909,0.14845394,5.490278517870928e-05,2020-09-14,494,3.193443102211126
494,-0.0358630377081951,-0.0358630377081951,12.601061146319841,0.9835335143518904,-0.03522757815038813,0.09090909,0.14845394,1.4342097712311403e-05,2020-09-17,495,3.140858317200512
495,0.02214824208061879,0.02214824208061879,12.883266135405897,0.9862659041451558,0.022395335266544247,0.09090909,0.14845394,2.8601670933254e-05,2020-09-22,496,3.097721468005595
496,0.003986212468625205,0.003986212468625205,12.934724064532293,0.9960369881283555,0.003994167983922825,0.09090909,0.14845394,2.4634649215069248e-05,2020-09-25,497,3.085445161052841
497,0.03268744642911739,0.03268744642911739,13.364513252971006,1.0251534997942435,0.03322754983364651,0.09090909,0.14845394,2.8643461516110745e-05,2020-09-30,498,3.163054905276533
498,0.015022535533176375,0.015022535533176375,13.56679773704772,1.0178654386743538,0.015135940998954434,0.09090909,0.12028616,0.001214974795863546,2020-10-05,499,3.2195642687103647
499,-0.001682857540958857,-0.001682857540958857,13.54398594903078,1.0065374965618235,-0.0016814423314239768,0.09090909,0.14845394,0.0011981459514091635,2020-10-08,500,3.2406121590476284
