,date,CASH,GOOGL,AAPL,AMZN,BA,C,INTC,JPM,MSFT,NVDA,WFC
0,2014-10-28,0.0,0.0,0.33333334,0.33333334,0.0,0.0,0.0,0.0,0.0,0.33333334,0.0
1,2014-10-31,0.0,0.0,0.33333334,0.33333334,0.0,0.0,0.0,0.0,0.0,0.33333334,0.0
2,2014-11-05,0.0,0.0,0.33333334,0.33333334,0.0,0.0,0.0,0.0,0.0,0.33333334,0.0
3,2014-11-10,0.0,0.0,0.33333334,0.33333334,0.0,0.0,0.0,0.0,0.0,0.33333334,0.0
4,2014-11-13,0.0,0.0,0.33333334,0.33333334,0.0,0.0,0.0,0.0,0.0,0.33333334,0.0
5,2014-11-18,0.0,0.0,0.33333334,0.33333334,0.0,0.0,0.0,0.0,0.0,0.33333334,0.0
6,2014-11-21,0.0,0.0,0.35592195,0.28815606,0.0,0.0,0.0,0.0,0.0,0.35592195,0.0
7,2014-11-26,0.0,0.0,0.31516907,0.31516907,0.0,0.05449283,0.0,0.0,0.0,0.31516907,0.0
8,2014-12-02,0.0,0.0,0.33333334,0.33333334,0.0,0.0,0.0,0.0,0.0,0.33333334,0.0
9,2014-12-05,0.0,0.0,0.33333334,0.33333334,0.0,0.0,0.0,0.0,0.0,0.33333334,0.0
10,2014-12-10,0.0,0.0,0.32199457,0.32199457,0.0,0.034016293,0.0,0.0,0.0,0.32199457,0.0
11,2014-12-15,0.0,0.0,0.33333334,0.33333334,0.0,0.0,0.0,0.0,0.0,0.33333334,0.0
12,2014-12-18,0.0,0.0,0.33333334,0.33333334,0.0,0.0,0.0,0.0,0.0,0.33333334,0.0
13,2014-12-23,0.0,0.0,0.33333334,0.33333334,0.0,0.0,0.0,0.0,0.0,0.33333334,0.0
14,2014-12-29,0.0,0.0,0.33333334,0.33333334,0.0,0.0,0.0,0.0,0.0,0.33333334,0.0
15,2015-01-02,0.0,0.0,0.33333334,0.33333334,0.0,0.0,0.0,0.0,0.0,0.33333334,0.0
16,2015-01-07,0.0,0.0,0.33333334,0.33333334,0.0,0.0,0.0,0.0,0.0,0.33333334,0.0
17,2015-01-12,0.0,0.0,0.33333334,0.33333334,0.0,0.0,0.0,0.0,0.0,0.33333334,0.0
18,2015-01-15,0.0,0.0,0.33333334,0.33333334,0.0,0.0,0.0,0.0,0.0,0.33333334,0.0
19,2015-01-21,0.0,0.0,0.32645777,0.32645777,0.020626646,0.0,0.0,0.0,0.0,0.32645777,0.0
20,2015-01-26,0.0,0.0,0.28189182,0.28189182,0.15432449,0.0,0.0,0.0,0.0,0.28189182,0.0
21,2015-01-29,0.0,0.0,0.25,0.25,0.25,0.0,0.0,0.0,0.0,0.25,0.0
22,2015-02-03,0.0,0.0,0.33333334,0.33333334,0.0,0.0,0.0,0.0,0.0,0.33333334,0.0
23,2015-02-06,0.0,0.0,0.26506683,0.26506683,0.20479949,0.0,0.0,0.0,0.0,0.26506683,0.0
24,2015-02-11,0.0,0.0,0.33333334,0.33333334,0.0,0.0,0.0,0.0,0.0,0.33333334,0.0
25,2015-02-17,0.0,0.0,0.3196173,0.34019136,0.0,0.0,0.0,0.0,0.0,0.34019136,0.0
26,2015-02-20,0.0,0.0,0.25,0.25,0.25,0.0,0.0,0.0,0.0,0.25,0.0
27,2015-02-25,0.0,0.0,0.30260772,0.30260772,0.09217681,0.0,0.0,0.0,0.0,0.30260772,0.0
28,2015-03-02,0.0,0.0,0.25407562,0.25407562,0.23777321,0.0,0.0,0.0,0.0,0.25407562,0.0
29,2015-03-05,0.0,0.0,0.33333334,0.33333334,0.0,0.0,0.0,0.0,0.0,0.33333334,0.0
30,2015-03-10,0.0,0.0,0.33333334,0.33333334,0.0,0.0,0.0,0.0,0.0,0.33333334,0.0
31,2015-03-13,0.0,0.0,0.3152843,0.3152843,0.05414703,0.0,0.0,0.0,0.0,0.3152843,0.0
32,2015-03-18,0.0,0.0,0.30383253,0.34370518,0.000640017,0.0,0.0,0.0,0.0,0.35182226,0.0
33,2015-03-23,0.0,0.0,0.30714008,0.30714008,0.07857979,0.0,0.0,0.0,0.0,0.30714008,0.0
34,2015-03-26,0.0,0.0,0.022821316,0.48858935,0.0,0.0,0.0,0.0,0.0,0.48858935,0.0
35,2015-03-31,0.0,0.0,0.26273888,0.36395997,0.009341217,0.0,0.0,0.0,0.0,0.36395997,0.0
36,2015-04-06,0.0,0.0,0.046308115,0.42448404,0.10472375,0.0,0.0,0.0,0.0,0.42448404,0.0
37,2015-04-09,0.0,0.0,0.3162138,0.3162138,0.051358595,0.0,0.0,0.0,0.0,0.3162138,0.0
38,2015-04-14,0.0,0.0,0.39166927,0.14566942,0.07099207,0.0,0.0,0.0,0.0,0.39166927,0.0
39,2015-04-17,0.0,0.0,0.31973135,0.31973135,0.04080591,0.0,0.0,0.0,0.0,0.31973135,0.0
40,2015-04-22,0.0,0.0,0.23184861,0.27125132,0.2010416,0.0,0.0,0.0,0.0,0.29585847,0.0
41,2015-04-27,0.0,0.0,0.33333334,0.33333334,0.0,0.0,0.0,0.0,0.0,0.33333334,0.0
42,2015-04-30,0.0,0.0,0.33333334,0.33333334,0.0,0.0,0.0,0.0,0.0,0.33333334,0.0
43,2015-05-05,0.0,0.0,0.33333334,0.33333334,0.0,0.0,0.0,0.0,0.0,0.33333334,0.0
44,2015-05-08,0.0,0.0,0.33333334,0.33333334,0.0,0.0,0.0,0.0,0.0,0.33333334,0.0
45,2015-05-13,0.0,0.0,0.33333334,0.33333334,0.0,0.0,0.0,0.0,0.0,0.33333334,0.0
46,2015-05-18,0.0,0.0,0.28793266,0.28793266,0.13620201,0.0,0.0,0.0,0.0,0.28793266,0.0
47,2015-05-21,0.0,0.0,0.33333334,0.33333334,0.0,0.0,0.0,0.0,0.0,0.33333334,0.0
48,2015-05-27,0.0,0.0,0.33333334,0.33333334,0.0,0.0,0.0,0.0,0.0,0.33333334,0.0
49,2015-06-01,0.0,0.0,0.33333334,0.33333334,0.0,0.0,0.0,0.0,0.0,0.33333334,0.0
50,2015-06-04,0.0,0.0,0.33333334,0.33333334,0.0,0.0,0.0,0.0,0.0,0.33333334,0.0
51,2015-06-09,0.0,0.0,0.33333334,0.33333334,0.0,0.0,0.0,0.0,0.0,0.33333334,0.0
52,2015-06-12,0.0,0.0,0.33333334,0.33333334,0.0,0.0,0.0,0.0,0.0,0.33333334,0.0
53,2015-06-17,0.0,0.0,0.33333334,0.33333334,0.0,0.0,0.0,0.0,0.0,0.33333334,0.0
54,2015-06-22,0.0,0.0,0.28406754,0.28406754,0.14779735,0.0,0.0,0.0,0.0,0.28406754,0.0
55,2015-06-25,0.0,0.0,0.33333334,0.33333334,0.0,0.0,0.0,0.0,0.0,0.33333334,0.0
56,2015-06-30,0.0,0.0,0.33333334,0.33333334,0.0,0.0,0.0,0.0,0.0,0.33333334,0.0
57,2015-07-06,0.0,0.0,0.33333334,0.33333334,0.0,0.0,0.0,0.0,0.0,0.33333334,0.0
58,2015-07-09,0.0,0.0,0.38343066,0.21356109,0.01650405,0.0,0.0,0.0,0.0,0.38650423,0.0
59,2015-07-14,0.0,0.0,0.33333334,0.33333334,0.0,0.0,0.0,0.0,0.0,0.33333334,0.0
60,2015-07-17,0.0,0.0,0.25244787,0.30334863,0.1408548,0.0,0.0,0.0,0.0,0.30334863,0.0
61,2015-07-22,0.0,0.0,0.33333334,0.33333334,0.0,0.0,0.0,0.0,0.0,0.33333334,0.0
62,2015-07-27,0.0,0.0,0.269304,0.365348,0.0,0.0,0.0,0.0,0.0,0.365348,0.0
63,2015-07-30,0.0,0.0,0.31836608,0.31836608,0.044901773,0.0,0.0,0.0,0.0,0.31836608,0.0
64,2015-08-04,0.0,0.0,0.22960599,0.385197,0.0,0.0,0.0,0.0,0.0,0.385197,0.0
65,2015-08-07,0.0,0.0,0.33333334,0.33333334,0.0,0.0,0.0,0.0,0.0,0.33333334,0.0
66,2015-08-12,0.0,0.0,0.33333334,0.33333334,0.0,0.0,0.0,0.0,0.0,0.33333334,0.0
67,2015-08-17,0.0,0.0,0.33333334,0.33333334,0.0,0.0,0.0,0.0,0.0,0.33333334,0.0
68,2015-08-20,0.0,0.0,0.318926,0.318926,0.043221988,0.0,0.0,0.0,0.0,0.318926,0.0
69,2015-08-25,0.0,0.0,0.33333334,0.33333334,0.0,0.0,0.0,0.0,0.0,0.33333334,0.0
70,2015-08-28,0.0,0.0,0.33221042,0.33389476,0.0,0.0,0.0,0.0,0.0,0.33389476,0.0
71,2015-09-02,0.0,0.0,0.32784197,0.32784197,0.016474105,0.0,0.0,0.0,0.0,0.32784197,0.0
72,2015-09-08,0.0,0.0,0.22549547,0.35056463,0.07337521,0.0,0.0,0.0,0.0,0.35056463,0.0
73,2015-09-11,0.0,0.0,0.33333334,0.33333334,0.0,0.0,0.0,0.0,0.0,0.33333334,0.0
74,2015-09-16,0.0,0.0,0.33333334,0.33333334,0.0,0.0,0.0,0.0,0.0,0.33333334,0.0
75,2015-09-21,0.0,0.0,0.31635994,0.31635994,0.050920215,0.0,0.0,0.0,0.0,0.31635994,0.0
76,2015-09-24,0.0,0.0,0.33333334,0.33333334,0.0,0.0,0.0,0.0,0.0,0.33333334,0.0
77,2015-09-29,0.0,0.0,0.33333334,0.33333334,0.0,0.0,0.0,0.0,0.0,0.33333334,0.0
78,2015-10-02,0.0,0.0,0.3011808,0.32188007,0.055059038,0.0,0.0,0.0,0.0,0.32188007,0.0
79,2015-10-07,0.0,0.0,0.33333334,0.33333334,0.0,0.0,0.0,0.0,0.0,0.33333334,0.0
80,2015-10-12,0.0,0.0,0.31503874,0.31503874,0.0,0.05488373,0.0,0.0,0.0,0.31503874,0.0
81,2015-10-15,0.0,0.0,0.33333334,0.33333334,0.0,0.0,0.0,0.0,0.0,0.33333334,0.0
82,2015-10-20,0.0,0.0,0.3070205,0.3070205,0.0012069984,0.07773158,0.0,0.0,0.0,0.3070205,0.0
83,2015-10-23,0.0,0.0,0.3186208,0.3186208,0.04413755,0.0,0.0,0.0,0.0,0.3186208,0.0
84,2015-10-28,0.0,0.0,0.32839912,0.32839912,0.0,0.014802649,0.0,0.0,0.0,0.32839912,0.0
85,2015-11-02,0.0,0.0,0.33333334,0.33333334,0.0,0.0,0.0,0.0,0.0,0.33333334,0.0
86,2015-11-05,0.0,0.0,0.3170901,0.3170901,0.048729714,0.0,0.0,0.0,0.0,0.3170901,0.0
87,2015-11-10,0.0,0.0,0.33333334,0.33333334,0.0,0.0,0.0,0.0,0.0,0.33333334,0.0
88,2015-11-13,0.0,0.0,0.33333334,0.33333334,0.0,0.0,0.0,0.0,0.0,0.33333334,0.0
89,2015-11-18,0.0,0.0,0.33333334,0.33333334,0.0,0.0,0.0,0.0,0.0,0.33333334,0.0
90,2015-11-23,0.0,0.0,0.33333334,0.33333334,0.0,0.0,0.0,0.0,0.0,0.33333334,0.0
91,2015-11-27,0.0,0.0,0.30369404,0.30369404,0.08891784,0.0,0.0,0.0,0.0,0.30369404,0.0
92,2015-12-02,0.0,0.0,0.33333334,0.33333334,0.0,0.0,0.0,0.0,0.0,0.33333334,0.0
93,2015-12-07,0.0,0.0,0.33333334,0.33333334,0.0,0.0,0.0,0.0,0.0,0.33333334,0.0
94,2015-12-10,0.0,0.0,0.33333334,0.33333334,0.0,0.0,0.0,0.0,0.0,0.33333334,0.0
95,2015-12-15,0.0,0.0,0.3280633,0.3280633,0.0,0.0,0.0,0.015810093,0.0,0.3280633,0.0
96,2015-12-18,0.0,0.0,0.32098943,0.32098943,0.03703171,0.0,0.0,0.0,0.0,0.32098943,0.0
97,2015-12-23,0.0,0.0,0.32677767,0.32677767,0.019667046,0.0,0.0,0.0,0.0,0.32677767,0.0
98,2015-12-29,0.0,0.0,0.32309288,0.32309288,0.030721389,0.0,0.0,0.0,0.0,0.32309288,0.0
99,2016-01-04,0.0,0.0,0.3141081,0.3141081,0.023204768,0.034470905,0.0,0.0,0.0,0.3141081,0.0
100,2016-01-07,0.0,0.0,0.33333334,0.33333334,0.0,0.0,0.0,0.0,0.0,0.33333334,0.0
101,2016-01-12,0.0,0.0,0.33333334,0.33333334,0.0,0.0,0.0,0.0,0.0,0.33333334,0.0
102,2016-01-15,0.0,0.0,0.2679978,0.2679978,0.19600663,0.0,0.0,0.0,0.0,0.2679978,0.0
103,2016-01-21,0.0,0.0,0.320671,0.320671,0.037987035,0.0,0.0,0.0,0.0,0.320671,0.0
104,2016-01-26,0.0,0.0,0.29376513,0.2883926,0.1240771,0.0,0.0,0.0,0.0,0.29376513,0.0
105,2016-01-29,0.0,0.0,0.30617034,0.30617034,0.081488974,0.0,0.0,0.0,0.0,0.30617034,0.0
106,2016-02-03,0.0,0.0,0.30567953,0.30567953,0.0,0.08296141,0.0,0.0,0.0,0.30567953,0.0
107,2016-02-08,0.0,0.0,0.33333334,0.33333334,0.0,0.0,0.0,0.0,0.0,0.33333334,0.0
108,2016-02-11,0.0,0.0,0.30254117,0.30254117,0.09237648,0.0,0.0,0.0,0.0,0.30254117,0.0
109,2016-02-17,0.0,0.0,0.29139835,0.29139835,0.12580498,0.0,0.0,0.0,0.0,0.29139835,0.0
110,2016-02-22,0.0,0.0,0.26941288,0.26941288,0.19176137,0.0,0.0,0.0,0.0,0.26941288,0.0
111,2016-02-25,0.0,0.0,0.2861117,0.2861117,0.14166483,0.0,0.0,0.0,0.0,0.2861117,0.0
112,2016-03-01,0.0,0.0,0.264359,0.264359,0.20692298,0.0,0.0,0.0,0.0,0.264359,0.0
113,2016-03-04,0.0,0.0,0.28211293,0.28211293,0.15366124,0.0,0.0,0.0,0.0,0.28211293,0.0
114,2016-03-09,0.0,0.0,0.31415457,0.31415457,0.057536293,0.0,0.0,0.0,0.0,0.31415457,0.0
115,2016-03-14,0.0,0.0,0.33333334,0.33333334,0.0,0.0,0.0,0.0,0.0,0.33333334,0.0
116,2016-03-17,0.0,0.0,0.33333334,0.33333334,0.0,0.0,0.0,0.0,0.0,0.33333334,0.0
117,2016-03-22,0.0,0.0,0.28921115,0.28921115,0.13236658,0.0,0.0,0.0,0.0,0.28921115,0.0
118,2016-03-28,0.0,0.0,0.3046656,0.3046656,0.08600323,0.0,0.0,0.0,0.0,0.3046656,0.0
119,2016-03-31,0.0,0.0,0.32106084,0.32106084,0.036817484,0.0,0.0,0.0,0.0,0.32106084,0.0
120,2016-04-05,0.0,0.0,0.26423818,0.26423818,0.20728543,0.0,0.0,0.0,0.0,0.26423818,0.0
121,2016-04-08,0.0,0.0,0.33333334,0.33333334,0.0,0.0,0.0,0.0,0.0,0.33333334,0.0
122,2016-04-13,0.0,0.0,0.33333334,0.33333334,0.0,0.0,0.0,0.0,0.0,0.33333334,0.0
123,2016-04-18,0.0,0.0,0.27767354,0.27767354,0.16697933,0.0,0.0,0.0,0.0,0.27767354,0.0
124,2016-04-21,0.0,0.0,0.33333334,0.33333334,0.0,0.0,0.0,0.0,0.0,0.33333334,0.0
125,2016-04-26,0.0,0.0,0.3217116,0.3217116,0.03486525,0.0,0.0,0.0,0.0,0.3217116,0.0
126,2016-04-29,0.0,0.0,0.33333334,0.33333334,0.0,0.0,0.0,0.0,0.0,0.33333334,0.0
127,2016-05-04,0.0,0.0,0.30869028,0.30869028,0.073929176,0.0,0.0,0.0,0.0,0.30869028,0.0
128,2016-05-09,0.0,0.0,0.32174504,0.32174504,0.0347649,0.0,0.0,0.0,0.0,0.32174504,0.0
129,2016-05-12,0.0,0.0,0.33202386,0.3339881,0.0,0.0,0.0,0.0,0.0,0.3339881,0.0
130,2016-05-17,0.0,0.0,0.32071987,0.32071987,0.037840348,0.0,0.0,0.0,0.0,0.32071987,0.0
131,2016-05-20,0.0,0.0,0.30251026,0.30251026,0.09246921,0.0,0.0,0.0,0.0,0.30251026,0.0
132,2016-05-25,0.0,0.0,0.33333334,0.33333334,0.0,0.0,0.0,0.0,0.0,0.33333334,0.0
133,2016-05-31,0.0,0.0,0.33333334,0.33333334,0.0,0.0,0.0,0.0,0.0,0.33333334,0.0
134,2016-06-03,0.0,0.0,0.33333334,0.33333334,0.0,0.0,0.0,0.0,0.0,0.33333334,0.0
135,2016-06-08,0.0,0.0,0.33333334,0.33333334,0.0,0.0,0.0,0.0,0.0,0.33333334,0.0
136,2016-06-13,0.0,0.0,0.33333334,0.33333334,0.0,0.0,0.0,0.0,0.0,0.33333334,0.0
137,2016-06-16,0.0,0.0,0.33333334,0.33333334,0.0,0.0,0.0,0.0,0.0,0.33333334,0.0
138,2016-06-21,0.0,0.0,0.33333334,0.33333334,0.0,0.0,0.0,0.0,0.0,0.33333334,0.0
139,2016-06-24,0.0,0.0,0.33333334,0.33333334,0.0,0.0,0.0,0.0,0.0,0.33333334,0.0
140,2016-06-29,0.0,0.0,0.33333334,0.33333334,0.0,0.0,0.0,0.0,0.0,0.33333334,0.0
141,2016-07-05,0.0,0.0,0.30582967,0.30582967,0.08251092,0.0,0.0,0.0,0.0,0.30582967,0.0
142,2016-07-08,0.0,0.0,0.33333334,0.33333334,0.0,0.0,0.0,0.0,0.0,0.33333334,0.0
143,2016-07-13,0.0,0.0,0.27664053,0.27664053,0.17007838,0.0,0.0,0.0,0.0,0.27664053,0.0
144,2016-07-18,0.0,0.0,0.31518027,0.31518027,0.05445918,0.0,0.0,0.0,0.0,0.31518027,0.0
145,2016-07-21,0.0,0.0,0.33333334,0.33333334,0.0,0.0,0.0,0.0,0.0,0.33333334,0.0
146,2016-07-26,0.0,0.0,0.33235455,0.33235455,0.0029363632,0.0,0.0,0.0,0.0,0.33235455,0.0
147,2016-07-29,0.0,0.0,0.33333334,0.33333334,0.0,0.0,0.0,0.0,0.0,0.33333334,0.0
148,2016-08-03,0.0,0.0,0.33333334,0.33333334,0.0,0.0,0.0,0.0,0.0,0.33333334,0.0
149,2016-08-08,0.0,0.0,0.3283653,0.3283653,0.0149041135,0.0,0.0,0.0,0.0,0.3283653,0.0
150,2016-08-11,0.0,0.0,0.33333334,0.33333334,0.0,0.0,0.0,0.0,0.0,0.33333334,0.0
151,2016-08-16,0.0,0.0,0.33333334,0.33333334,0.0,0.0,0.0,0.0,0.0,0.33333334,0.0
152,2016-08-19,0.0,0.0,0.33333334,0.33333334,0.0,0.0,0.0,0.0,0.0,0.33333334,0.0
153,2016-08-24,0.0,0.0,0.3221855,0.3221855,0.033443563,0.0,0.0,0.0,0.0,0.3221855,0.0
154,2016-08-29,0.0,0.0,0.33333334,0.33333334,0.0,0.0,0.0,0.0,0.0,0.33333334,0.0
155,2016-09-01,0.0,0.0,0.33333334,0.33333334,0.0,0.0,0.0,0.0,0.0,0.33333334,0.0
156,2016-09-07,0.0,0.0,0.33333334,0.33333334,0.0,0.0,0.0,0.0,0.0,0.33333334,0.0
157,2016-09-12,0.0,0.0,0.33333334,0.33333334,0.0,0.0,0.0,0.0,0.0,0.33333334,0.0
158,2016-09-15,0.0,0.0,0.33333334,0.33333334,0.0,0.0,0.0,0.0,0.0,0.33333334,0.0
159,2016-09-20,0.0,0.0,0.26408258,0.26408258,0.20775226,0.0,0.0,0.0,0.0,0.26408258,0.0
160,2016-09-23,0.0,0.0,0.33333334,0.33333334,0.0,0.0,0.0,0.0,0.0,0.33333334,0.0
161,2016-09-28,0.0,0.0,0.33333334,0.33333334,0.0,0.0,0.0,0.0,0.0,0.33333334,0.0
162,2016-10-03,0.0,0.0,0.33333334,0.33333334,0.0,0.0,0.0,0.0,0.0,0.33333334,0.0
163,2016-10-06,0.0,0.0,0.33333334,0.33333334,0.0,0.0,0.0,0.0,0.0,0.33333334,0.0
164,2016-10-11,0.0,0.0,0.33333334,0.33333334,0.0,0.0,0.0,0.0,0.0,0.33333334,0.0
165,2016-10-14,0.0,0.0,0.33333334,0.33333334,0.0,0.0,0.0,0.0,0.0,0.33333334,0.0
166,2016-10-19,0.0,0.0,0.33333334,0.33333334,0.0,0.0,0.0,0.0,0.0,0.33333334,0.0
167,2016-10-24,0.0,0.0,0.33333334,0.33333334,0.0,0.0,0.0,0.0,0.0,0.33333334,0.0
168,2016-10-27,0.0,0.0,0.33333334,0.33333334,0.0,0.0,0.0,0.0,0.0,0.33333334,0.0
169,2016-11-01,0.0,0.0,0.32838026,0.33386663,0.0038864603,0.0,0.0,0.0,0.0,0.33386663,0.0
170,2016-11-04,0.0,0.0,0.33333334,0.33333334,0.0,0.0,0.0,0.0,0.0,0.33333334,0.0
171,2016-11-09,0.0,0.0,0.31623963,0.31623963,0.051281102,0.0,0.0,0.0,0.0,0.31623963,0.0
172,2016-11-14,0.0,0.0,0.35868406,0.28263187,0.0,0.0,0.0,0.0,0.0,0.35868406,0.0
173,2016-11-17,0.0,0.0,0.33333334,0.33333334,0.0,0.0,0.0,0.0,0.0,0.33333334,0.0
174,2016-11-22,0.0,0.0,0.32521567,0.32521567,0.024353,0.0,0.0,0.0,0.0,0.32521567,0.0
175,2016-11-28,0.0,0.0,0.33333334,0.33333334,0.0,0.0,0.0,0.0,0.0,0.33333334,0.0
176,2016-12-01,0.0,0.0,0.33333334,0.33333334,0.0,0.0,0.0,0.0,0.0,0.33333334,0.0
177,2016-12-06,0.0,0.0,0.32388538,0.32388538,0.028343901,0.0,0.0,0.0,0.0,0.32388538,0.0
178,2016-12-09,0.0,0.0,0.33333334,0.33333334,0.0,0.0,0.0,0.0,0.0,0.33333334,0.0
179,2016-12-14,0.0,0.0,0.30171165,0.30171165,0.09486504,0.0,0.0,0.0,0.0,0.30171165,0.0
180,2016-12-19,0.0,0.0,0.33333334,0.33333334,0.0,0.0,0.0,0.0,0.0,0.33333334,0.0
181,2016-12-22,0.0,0.0,0.33333334,0.33333334,0.0,0.0,0.0,0.0,0.0,0.33333334,0.0
182,2016-12-28,0.0,0.0,0.33333334,0.33333334,0.0,0.0,0.0,0.0,0.0,0.33333334,0.0
183,2017-01-03,0.0,0.0,0.33333334,0.33333334,0.0,0.0,0.0,0.0,0.0,0.33333334,0.0
184,2017-01-06,0.0,0.0,0.33333334,0.33333334,0.0,0.0,0.0,0.0,0.0,0.33333334,0.0
185,2017-01-11,0.0,0.0,0.33333334,0.33333334,0.0,0.0,0.0,0.0,0.0,0.33333334,0.0
186,2017-01-17,0.0,0.0,0.33333334,0.33333334,0.0,0.0,0.0,0.0,0.0,0.33333334,0.0
187,2017-01-20,0.0,0.0,0.33333334,0.33333334,0.0,0.0,0.0,0.0,0.0,0.33333334,0.0
188,2017-01-25,0.0,0.0,0.33333334,0.33333334,0.0,0.0,0.0,0.0,0.0,0.33333334,0.0
189,2017-01-30,0.0,0.0,0.33333334,0.33333334,0.0,0.0,0.0,0.0,0.0,0.33333334,0.0
190,2017-02-02,0.0,0.0,0.33333334,0.33333334,0.0,0.0,0.0,0.0,0.0,0.33333334,0.0
191,2017-02-07,0.0,0.0,0.33333334,0.33333334,0.0,0.0,0.0,0.0,0.0,0.33333334,0.0
192,2017-02-10,0.0,0.0,0.33333334,0.33333334,0.0,0.0,0.0,0.0,0.0,0.33333334,0.0
193,2017-02-15,0.0,0.0,0.33333334,0.33333334,0.0,0.0,0.0,0.0,0.0,0.33333334,0.0
194,2017-02-21,0.0,0.0,0.27551115,0.27551115,0.17346656,0.0,0.0,0.0,0.0,0.27551115,0.0
195,2017-02-24,0.0,0.0,0.33333334,0.33333334,0.0,0.0,0.0,0.0,0.0,0.33333334,0.0
196,2017-03-01,0.0,0.0,0.33333334,0.33333334,0.0,0.0,0.0,0.0,0.0,0.33333334,0.0
197,2017-03-06,0.0,0.0,0.33333334,0.33333334,0.0,0.0,0.0,0.0,0.0,0.33333334,0.0
198,2017-03-09,0.0,0.0,0.33333334,0.33333334,0.0,0.0,0.0,0.0,0.0,0.33333334,0.0
199,2017-03-14,0.0,0.0,0.3263515,0.3263515,0.020945506,0.0,0.0,0.0,0.0,0.3263515,0.0
200,2017-03-17,0.0,0.0,0.32624865,0.32624865,0.021254048,0.0,0.0,0.0,0.0,0.32624865,0.0
201,2017-03-22,0.0,0.0,0.33333334,0.33333334,0.0,0.0,0.0,0.0,0.0,0.33333334,0.0
202,2017-03-27,0.0,0.0,0.32929572,0.32929572,0.012112773,0.0,0.0,0.0,0.0,0.32929572,0.0
203,2017-03-30,0.0,0.0,0.32459533,0.32459533,0.026214048,0.0,0.0,0.0,0.0,0.32459533,0.0
204,2017-04-04,0.0,0.0,0.29588002,0.29588002,0.11235995,0.0,0.0,0.0,0.0,0.29588002,0.0
205,2017-04-07,0.0,0.0,0.33333334,0.33333334,0.0,0.0,0.0,0.0,0.0,0.33333334,0.0
206,2017-04-12,0.0,0.0,0.33333334,0.33333334,0.0,0.0,0.0,0.0,0.0,0.33333334,0.0
207,2017-04-18,0.0,0.0,0.3119,0.3119,0.064300016,0.0,0.0,0.0,0.0,0.3119,0.0
208,2017-04-21,0.0,0.0,0.3060934,0.3060934,0.08171978,0.0,0.0,0.0,0.0,0.3060934,0.0
209,2017-04-26,0.0,0.0,0.30429247,0.30429247,0.08712263,0.0,0.0,0.0,0.0,0.30429247,0.0
210,2017-05-01,0.0,0.0,0.33333334,0.33333334,0.0,0.0,0.0,0.0,0.0,0.33333334,0.0
211,2017-05-04,0.0,0.0,0.33333334,0.33333334,0.0,0.0,0.0,0.0,0.0,0.33333334,0.0
212,2017-05-09,0.0,0.0,0.33333334,0.33333334,0.0,0.0,0.0,0.0,0.0,0.33333334,0.0
213,2017-05-12,0.0,0.0,0.33333334,0.33333334,0.0,0.0,0.0,0.0,0.0,0.33333334,0.0
214,2017-05-17,0.0,0.0,0.33333334,0.33333334,0.0,0.0,0.0,0.0,0.0,0.33333334,0.0
215,2017-05-22,0.0,0.0,0.38478804,0.23042391,0.0,0.0,0.0,0.0,0.0,0.38478804,0.0
216,2017-05-25,0.0,0.0,0.33333334,0.33333334,0.0,0.0,0.0,0.0,0.0,0.33333334,0.0
217,2017-05-31,0.0,0.0,0.33333334,0.33333334,0.0,0.0,0.0,0.0,0.0,0.33333334,0.0
218,2017-06-05,0.0,0.0,0.34719536,0.30560926,0.0,0.0,0.0,0.0,0.0,0.34719536,0.0
219,2017-06-08,0.0,0.0,0.33333334,0.33333334,0.0,0.0,0.0,0.0,0.0,0.33333334,0.0
220,2017-06-13,0.0,0.0,0.2961786,0.2961786,0.11146418,0.0,0.0,0.0,0.0,0.2961786,0.0
221,2017-06-16,0.0,0.0,0.33333334,0.33333334,0.0,0.0,0.0,0.0,0.0,0.33333334,0.0
222,2017-06-21,0.0,0.0,0.33333334,0.33333334,0.0,0.0,0.0,0.0,0.0,0.33333334,0.0
223,2017-06-26,0.0,0.0,0.33333334,0.33333334,0.0,0.0,0.0,0.0,0.0,0.33333334,0.0
224,2017-06-29,0.0,0.0,0.26747376,0.26747376,0.19757877,0.0,0.0,0.0,0.0,0.26747376,0.0
225,2017-07-05,0.0,0.0,0.33333334,0.33333334,0.0,0.0,0.0,0.0,0.0,0.33333334,0.0
226,2017-07-10,0.0,0.0,0.33333334,0.33333334,0.0,0.0,0.0,0.0,0.0,0.33333334,0.0
227,2017-07-13,0.0,0.0,0.26195693,0.26195693,0.21412924,0.0,0.0,0.0,0.0,0.26195693,0.0
228,2017-07-18,0.0,0.0,0.29504672,0.29504672,0.11485981,0.0,0.0,0.0,0.0,0.29504672,0.0
229,2017-07-21,0.0,0.0,0.29263583,0.29263583,0.12209249,0.0,0.0,0.0,0.0,0.29263583,0.0
230,2017-07-26,0.0,0.0,0.3318734,0.3318734,0.0043798904,0.0,0.0,0.0,0.0,0.3318734,0.0
231,2017-07-31,0.0,0.0,0.33333334,0.33333334,0.0,0.0,0.0,0.0,0.0,0.33333334,0.0
232,2017-08-03,0.0,0.0,0.33333334,0.33333334,0.0,0.0,0.0,0.0,0.0,0.33333334,0.0
233,2017-08-08,0.0,0.0,0.2754584,0.21653685,0.2164393,0.0,0.0,0.01610709,0.0,0.2754584,0.0
234,2017-08-11,0.0,0.0,0.33333334,0.33333334,0.0,0.0,0.0,0.0,0.0,0.33333334,0.0
235,2017-08-16,0.0,0.0,0.33333334,0.33333334,0.0,0.0,0.0,0.0,0.0,0.33333334,0.0
236,2017-08-21,0.0,0.0,0.29081723,0.29081723,0.12754828,0.0,0.0,0.0,0.0,0.29081723,0.0
237,2017-08-24,0.0,0.0,0.27117386,0.27117386,0.18647845,0.0,0.0,0.0,0.0,0.27117386,0.0
238,2017-08-29,0.0,0.0,0.31076765,0.31076765,0.067696996,0.0,0.0,0.0,0.0,0.31076765,0.0
239,2017-09-01,0.0,0.0,0.33333334,0.33333334,0.0,0.0,0.0,0.0,0.0,0.33333334,0.0
240,2017-09-07,0.0,0.0,0.34700447,0.20161058,0.10438046,0.0,0.0,0.0,0.0,0.34700447,0.0
241,2017-09-12,0.0,0.0,0.32128346,0.32128346,0.03614958,0.0,0.0,0.0,0.0,0.32128346,0.0
242,2017-09-15,0.0,0.0,0.30526078,0.30526078,0.08421772,0.0,0.0,0.0,0.0,0.30526078,0.0
243,2017-09-20,0.0,0.0,0.42640644,0.12008577,0.027101314,0.0,0.0,0.0,0.0,0.42640644,0.0
244,2017-09-25,0.0,0.0,0.33333334,0.33333334,0.0,0.0,0.0,0.0,0.0,0.33333334,0.0
245,2017-09-28,0.0,0.0,0.33333334,0.33333334,0.0,0.0,0.0,0.0,0.0,0.33333334,0.0
246,2017-10-03,0.0,0.0,0.3212677,0.3212677,0.036196914,0.0,0.0,0.0,0.0,0.3212677,0.0
247,2017-10-06,0.0,0.0,0.35826907,0.2834619,0.0,0.0,0.0,0.0,0.0,0.35826907,0.0
248,2017-10-11,0.0,0.0,0.33333334,0.33333334,0.0,0.0,0.0,0.0,0.0,0.33333334,0.0
249,2017-10-16,0.0,0.0,0.33333334,0.33333334,0.0,0.0,0.0,0.0,0.0,0.33333334,0.0
250,2017-10-19,0.0,0.0,0.32265577,0.32265577,0.032032657,0.0,0.0,0.0,0.0,0.32265577,0.0
251,2017-10-24,0.0,0.0,0.32044026,0.32044026,0.038679216,0.0,0.0,0.0,0.0,0.32044026,0.0
252,2017-10-27,0.0,0.0,0.33333334,0.33333334,0.0,0.0,0.0,0.0,0.0,0.33333334,0.0
253,2017-11-01,0.0,0.0,0.33333334,0.33333334,0.0,0.0,0.0,0.0,0.0,0.33333334,0.0
254,2017-11-06,0.0,0.0,0.33783504,0.32432997,0.0,0.0,0.0,0.0,0.0,0.33783504,0.0
255,2017-11-09,0.0,0.0,0.30528584,0.30528584,0.08414246,0.0,0.0,0.0,0.0,0.30528584,0.0
256,2017-11-14,0.0,0.0,0.33333334,0.33333334,0.0,0.0,0.0,0.0,0.0,0.33333334,0.0
257,2017-11-17,0.0,0.0,0.33333334,0.33333334,0.0,0.0,0.0,0.0,0.0,0.33333334,0.0
258,2017-11-22,0.0,0.0,0.33333334,0.33333334,0.0,0.0,0.0,0.0,0.0,0.33333334,0.0
259,2017-11-28,0.0,0.0,0.33560944,0.32878116,0.0,0.0,0.0,0.0,0.0,0.33560944,0.0
260,2017-12-01,0.0,0.0,0.33333334,0.33333334,0.0,0.0,0.0,0.0,0.0,0.33333334,0.0
261,2017-12-06,0.0,0.0,0.32359803,0.32359803,0.029205885,0.0,0.0,0.0,0.0,0.32359803,0.0
262,2017-12-11,0.0,0.0,0.3114747,0.3114747,0.065575816,0.0,0.0,0.0,0.0,0.3114747,0.0
263,2017-12-14,0.0,0.0,0.33333334,0.33333334,0.0,0.0,0.0,0.0,0.0,0.33333334,0.0
264,2017-12-19,0.0,0.0,0.33333334,0.33333334,0.0,0.0,0.0,0.0,0.0,0.33333334,0.0
265,2017-12-22,0.0,0.0,0.33333334,0.33333334,0.0,0.0,0.0,0.0,0.0,0.33333334,0.0
266,2017-12-28,0.0,0.0,0.33333334,0.33333334,0.0,0.0,0.0,0.0,0.0,0.33333334,0.0
267,2018-01-03,0.0,0.0,0.33333334,0.33333334,0.0,0.0,0.0,0.0,0.0,0.33333334,0.0
268,2018-01-08,0.0,0.0,0.33333334,0.33333334,0.0,0.0,0.0,0.0,0.0,0.33333334,0.0
269,2018-01-11,0.0,0.0,0.33333334,0.33333334,0.0,0.0,0.0,0.0,0.0,0.33333334,0.0
270,2018-01-17,0.0,0.0,0.29419377,0.29419377,0.117418714,0.0,0.0,0.0,0.0,0.29419377,0.0
271,2018-01-22,0.0,0.0,0.33333334,0.33333334,0.0,0.0,0.0,0.0,0.0,0.33333334,0.0
272,2018-01-25,0.0,0.0,0.33333334,0.33333334,0.0,0.0,0.0,0.0,0.0,0.33333334,0.0
273,2018-01-30,0.0,0.0,0.33333334,0.33333334,0.0,0.0,0.0,0.0,0.0,0.33333334,0.0
274,2018-02-02,0.0,0.0,0.31550172,0.31550172,0.053494867,0.0,0.0,0.0,0.0,0.31550172,0.0
275,2018-02-07,0.0,0.0,0.33333334,0.33333334,0.0,0.0,0.0,0.0,0.0,0.33333334,0.0
276,2018-02-12,0.0,0.0,0.32144648,0.32144648,0.035660557,0.0,0.0,0.0,0.0,0.32144648,0.0
277,2018-02-15,0.0,0.0,0.30341518,0.30341518,0.08975447,0.0,0.0,0.0,0.0,0.30341518,0.0
278,2018-02-21,0.0,0.0,0.2794517,0.2794517,0.16164486,0.0,0.0,0.0,0.0,0.2794517,0.0
279,2018-02-26,0.0,0.0,0.33333334,0.33333334,0.0,0.0,0.0,0.0,0.0,0.33333334,0.0
280,2018-03-01,0.0,0.0,0.30433145,0.30433145,0.08700561,0.0,0.0,0.0,0.0,0.30433145,0.0
281,2018-03-06,0.0,0.0,0.31154692,0.31154692,0.06535919,0.0,0.0,0.0,0.0,0.31154692,0.0
282,2018-03-09,0.0,0.0,0.33333334,0.33333334,0.0,0.0,0.0,0.0,0.0,0.33333334,0.0
283,2018-03-14,0.0,0.0,0.33333334,0.33333334,0.0,0.0,0.0,0.0,0.0,0.33333334,0.0
284,2018-03-19,0.0,0.0,0.33333334,0.33333334,0.0,0.0,0.0,0.0,0.0,0.33333334,0.0
285,2018-03-22,0.0,0.0,0.33333334,0.33333334,0.0,0.0,0.0,0.0,0.0,0.33333334,0.0
286,2018-03-27,0.0,0.0,0.33333334,0.33333334,0.0,0.0,0.0,0.0,0.0,0.33333334,0.0
287,2018-04-02,0.0,0.0,0.28183007,0.27990186,0.156438,0.0,0.0,0.0,0.0,0.28183007,0.0
288,2018-04-05,0.0,0.0,0.27775303,0.27775303,0.16674095,0.0,0.0,0.0,0.0,0.27775303,0.0
289,2018-04-10,0.0,0.0,0.33333334,0.33333334,0.0,0.0,0.0,0.0,0.0,0.33333334,0.0
290,2018-04-13,0.0,0.0,0.33333334,0.33333334,0.0,0.0,0.0,0.0,0.0,0.33333334,0.0
291,2018-04-18,0.0,0.0,0.33333334,0.33333334,0.0,0.0,0.0,0.0,0.0,0.33333334,0.0
292,2018-04-23,0.0,0.0,0.2706705,0.2706705,0.1879885,0.0,0.0,0.0,0.0,0.2706705,0.0
293,2018-04-26,0.0,0.0,0.32737118,0.32737118,0.017886506,0.0,0.0,0.0,0.0,0.32737118,0.0
294,2018-05-01,0.0,0.0,0.33333334,0.33333334,0.0,0.0,0.0,0.0,0.0,0.33333334,0.0
295,2018-05-04,0.0,0.0,0.3118214,0.3118214,0.064535804,0.0,0.0,0.0,0.0,0.3118214,0.0
296,2018-05-09,0.0,0.0,0.33333334,0.33333334,0.0,0.0,0.0,0.0,0.0,0.33333334,0.0
297,2018-05-14,0.0,0.0,0.31436095,0.31436095,0.056917187,0.0,0.0,0.0,0.0,0.31436095,0.0
298,2018-05-17,0.0,0.0,0.33333334,0.33333334,0.0,0.0,0.0,0.0,0.0,0.33333334,0.0
299,2018-05-22,0.0,0.0,0.33333334,0.33333334,0.0,0.0,0.0,0.0,0.0,0.33333334,0.0
300,2018-05-25,0.0,0.0,0.3294021,0.3294021,0.01179379,0.0,0.0,0.0,0.0,0.3294021,0.0
301,2018-05-31,0.0,0.0,0.33333334,0.33333334,0.0,0.0,0.0,0.0,0.0,0.33333334,0.0
302,2018-06-05,0.0,0.0,0.32566074,0.32566074,0.023017818,0.0,0.0,0.0,0.0,0.32566074,0.0
303,2018-06-08,0.0,0.0,0.32672533,0.32672533,0.019823996,0.0,0.0,0.0,0.0,0.32672533,0.0
304,2018-06-13,0.0,0.0,0.31689054,0.31689054,0.049328335,0.0,0.0,0.0,0.0,0.31689054,0.0
305,2018-06-18,0.0,0.0,0.2950787,0.2950787,0.11476396,0.0,0.0,0.0,0.0,0.2950787,0.0
306,2018-06-21,0.0,0.0,0.33333334,0.33333334,0.0,0.0,0.0,0.0,0.0,0.33333334,0.0
307,2018-06-26,0.0,0.0,0.29674384,0.29674384,0.109768525,0.0,0.0,0.0,0.0,0.29674384,0.0
308,2018-06-29,0.0,0.0,0.33333334,0.33333334,0.0,0.0,0.0,0.0,0.0,0.33333334,0.0
309,2018-07-05,0.0,0.0,0.3029849,0.3029849,0.0,0.09104538,0.0,0.0,0.0,0.3029849,0.0
310,2018-07-10,0.0,0.0,0.33020362,0.33020362,0.009389094,0.0,0.0,0.0,0.0,0.33020362,0.0
311,2018-07-13,0.0,0.0,0.33333334,0.33333334,0.0,0.0,0.0,0.0,0.0,0.33333334,0.0
312,2018-07-18,0.0,0.0,0.33333334,0.33333334,0.0,0.0,0.0,0.0,0.0,0.33333334,0.0
313,2018-07-23,0.0,0.0,0.30470273,0.30470273,0.06256854,0.02332327,0.0,0.0,0.0,0.30470273,0.0
314,2018-07-26,0.0,0.0,0.33333334,0.33333334,0.0,0.0,0.0,0.0,0.0,0.33333334,0.0
315,2018-07-31,0.0,0.0,0.33333334,0.33333334,0.0,0.0,0.0,0.0,0.0,0.33333334,0.0
316,2018-08-03,0.0,0.0,0.3253537,0.3253537,0.023938848,0.0,0.0,0.0,0.0,0.3253537,0.0
317,2018-08-08,0.0,0.0,0.3113688,0.3113688,0.06589362,0.0,0.0,0.0,0.0,0.3113688,0.0
318,2018-08-13,0.0,0.0,0.33333334,0.33333334,0.0,0.0,0.0,0.0,0.0,0.33333334,0.0
319,2018-08-16,0.0,0.0,0.33333334,0.33333334,0.0,0.0,0.0,0.0,0.0,0.33333334,0.0
320,2018-08-21,0.0,0.0,0.33333334,0.33333334,0.0,0.0,0.0,0.0,0.0,0.33333334,0.0
321,2018-08-24,0.0,0.0,0.33333334,0.33333334,0.0,0.0,0.0,0.0,0.0,0.33333334,0.0
322,2018-08-29,0.0,0.0,0.33333334,0.33333334,0.0,0.0,0.0,0.0,0.0,0.33333334,0.0
323,2018-09-04,0.0,0.0,0.2899927,0.2899927,0.13002197,0.0,0.0,0.0,0.0,0.2899927,0.0
324,2018-09-07,0.0,0.0,0.32597607,0.32597607,0.022071723,0.0,0.0,0.0,0.0,0.32597607,0.0
325,2018-09-12,0.0,0.0,0.33333334,0.33333334,0.0,0.0,0.0,0.0,0.0,0.33333334,0.0
326,2018-09-17,0.0,0.0,0.33333334,0.33333334,0.0,0.0,0.0,0.0,0.0,0.33333334,0.0
327,2018-09-20,0.0,0.0,0.26327425,0.3683629,0.0,0.0,0.0,0.0,0.0,0.3683629,0.0
328,2018-09-25,0.0,0.0,0.33333334,0.33333334,0.0,0.0,0.0,0.0,0.0,0.33333334,0.0
329,2018-09-28,0.0,0.0,0.33097574,0.33063152,0.007416941,0.0,0.0,0.0,0.0,0.33097574,0.0
330,2018-10-03,0.0,0.0,0.33333334,0.33333334,0.0,0.0,0.0,0.0,0.0,0.33333334,0.0
331,2018-10-08,0.0,0.0,0.33333334,0.33333334,0.0,0.0,0.0,0.0,0.0,0.33333334,0.0
332,2018-10-11,0.0,0.0,0.3177712,0.3177712,0.046686403,0.0,0.0,0.0,0.0,0.3177712,0.0
333,2018-10-16,0.0,0.0,0.2977573,0.3101199,0.0,0.0,0.0,0.0,0.0,0.39212278,0.0
334,2018-10-19,0.0,0.0,0.31336677,0.24667315,0.1265933,0.0,0.0,0.0,0.0,0.31336677,0.0
335,2018-10-24,0.0,0.0,0.30785185,0.30785185,0.076444395,0.0,0.0,0.0,0.0,0.30785185,0.0
336,2018-10-29,0.0,0.0,0.24091348,0.37954327,0.0,0.0,0.0,0.0,0.0,0.37954327,0.0
337,2018-11-01,0.0,0.0,0.31658912,0.31658912,0.050232626,0.0,0.0,0.0,0.0,0.31658912,0.0
338,2018-11-06,0.0,0.0,0.28092116,0.34955108,0.019976623,0.0,0.0,0.0,0.0,0.34955108,0.0
339,2018-11-09,0.0,0.0,0.32272446,0.3105008,0.044050287,0.0,0.0,0.0,0.0,0.32272446,0.0
340,2018-11-14,0.0,0.0,0.26782173,0.26782173,0.1965348,0.0,0.0,0.0,0.0,0.26782173,0.0
341,2018-11-19,0.0,0.0,0.3310727,0.3310727,0.006781925,0.0,0.0,0.0,0.0,0.3310727,0.0
342,2018-11-23,0.0,0.0,0.33333334,0.33333334,0.0,0.0,0.0,0.0,0.0,0.33333334,0.0
343,2018-11-28,0.0,0.0,0.33333334,0.33333334,0.0,0.0,0.0,0.0,0.0,0.33333334,0.0
344,2018-12-03,0.0,0.0,0.2618161,0.2618161,0.19490524,0.019646427,0.0,0.0,0.0,0.2618161,0.0
345,2018-12-07,0.0,0.0,0.33333334,0.33333334,0.0,0.0,0.0,0.0,0.0,0.33333334,0.0
346,2018-12-12,0.0,0.0,0.33333334,0.33333334,0.0,0.0,0.0,0.0,0.0,0.33333334,0.0
347,2018-12-17,0.0,0.0,0.29702583,0.29702583,0.108922504,0.0,0.0,0.0,0.0,0.29702583,0.0
348,2018-12-20,0.0,0.0,0.28737596,0.28737596,0.13787208,0.0,0.0,0.0,0.0,0.28737596,0.0
349,2018-12-26,0.0,0.0,0.29097864,0.29097864,0.12706405,0.0,0.0,0.0,0.0,0.29097864,0.0
350,2018-12-31,0.0,0.0,0.28608677,0.28608677,0.12697679,0.014762895,0.0,0.0,0.0,0.28608677,0.0
351,2019-01-04,0.0,0.0,0.29607335,0.29607335,0.11177991,0.0,0.0,0.0,0.0,0.29607335,0.0
352,2019-01-09,0.0,0.0,0.25581416,0.25581416,0.2325575,0.0,0.0,0.0,0.0,0.25581416,0.0
353,2019-01-14,0.0,0.0,0.26023453,0.26023453,0.21929637,0.0,0.0,0.0,0.0,0.26023453,0.0
354,2019-01-17,0.0,0.0,0.33333334,0.33333334,0.0,0.0,0.0,0.0,0.0,0.33333334,0.0
355,2019-01-23,0.0,0.0,0.30326933,0.30326933,0.090191975,0.0,0.0,0.0,0.0,0.30326933,0.0
356,2019-01-28,0.0,0.0,0.36399594,0.2720081,0.0,0.0,0.0,0.0,0.0,0.36399594,0.0
357,2019-01-31,0.0,0.0,0.31532833,0.31532833,0.054015033,0.0,0.0,0.0,0.0,0.31532833,0.0
358,2019-02-05,0.0,0.0,0.30247322,0.30247322,0.092580326,0.0,0.0,0.0,0.0,0.30247322,0.0
359,2019-02-08,0.0,0.0,0.2455098,0.30013043,0.15422934,0.0,0.0,0.0,0.0,0.30013043,0.0
360,2019-02-13,0.0,0.0,0.3213499,0.3213499,0.03595033,0.0,0.0,0.0,0.0,0.3213499,0.0
361,2019-02-19,0.0,0.0,0.24882156,0.27163148,0.20791548,0.0,0.0,0.0,0.0,0.27163148,0.0
362,2019-02-22,0.0,0.0,0.36770254,0.12223514,0.14235975,0.0,0.0,0.0,0.0,0.36770254,0.0
363,2019-02-27,0.0,0.0,0.25,0.25,0.25,0.0,0.0,0.0,0.0,0.25,0.0
364,2019-03-04,0.0,0.0,0.33333334,0.33333334,0.0,0.0,0.0,0.0,0.0,0.33333334,0.0
365,2019-03-07,0.0,0.0,0.3089563,0.3089563,0.071659446,0.0014716899,0.0,0.0,0.0,0.3089563,0.0
366,2019-03-12,0.0,0.0,0.26811534,0.26811534,0.195654,0.0,0.0,0.0,0.0,0.26811534,0.0
367,2019-03-15,0.0,0.0,0.11820506,0.3394291,0.20293672,0.0,0.0,0.0,0.0,0.3394291,0.0
368,2019-03-20,0.0,0.0,0.32430246,0.32430246,0.027092569,0.0,0.0,0.0,0.0,0.32430246,0.0
369,2019-03-25,0.0,0.0,0.30721372,0.30721372,0.07835883,0.0,0.0,0.0,0.0,0.30721372,0.0
370,2019-03-28,0.0,0.0,0.27055022,0.33456832,0.060313124,0.0,0.0,0.0,0.0,0.33456832,0.0
371,2019-04-02,0.0,0.0,0.33333334,0.33333334,0.0,0.0,0.0,0.0,0.0,0.33333334,0.0
372,2019-04-05,0.0,0.0,0.31388876,0.34305564,0.0,0.0,0.0,0.0,0.0,0.34305564,0.0
373,2019-04-10,0.0,0.0,0.33333334,0.33333334,0.0,0.0,0.0,0.0,0.0,0.33333334,0.0
374,2019-04-15,0.0,0.0,0.3059221,0.3059221,0.08223372,0.0,0.0,0.0,0.0,0.3059221,0.0
375,2019-04-18,0.0,0.0,0.27571774,0.27571774,0.17284681,0.0,0.0,0.0,0.0,0.27571774,0.0
376,2019-04-24,0.0,0.0,0.33333334,0.33333334,0.0,0.0,0.0,0.0,0.0,0.33333334,0.0
377,2019-04-29,0.0,0.0,0.33333334,0.33333334,0.0,0.0,0.0,0.0,0.0,0.33333334,0.0
378,2019-05-02,0.0,0.0,0.33333334,0.33333334,0.0,0.0,0.0,0.0,0.0,0.33333334,0.0
379,2019-05-07,0.0,0.0,0.33333334,0.33333334,0.0,0.0,0.0,0.0,0.0,0.33333334,0.0
380,2019-05-10,0.0,0.0,0.33333334,0.33333334,0.0,0.0,0.0,0.0,0.0,0.33333334,0.0
381,2019-05-15,0.0,0.0,0.33333334,0.33333334,0.0,0.0,0.0,0.0,0.0,0.33333334,0.0
382,2019-05-20,0.0,0.0,0.33333334,0.33333334,0.0,0.0,0.0,0.0,0.0,0.33333334,0.0
383,2019-05-23,0.0,0.0,0.33333334,0.33333334,0.0,0.0,0.0,0.0,0.0,0.33333334,0.0
384,2019-05-29,0.0,0.0,0.31826434,0.31826434,0.045207,0.0,0.0,0.0,0.0,0.31826434,0.0
385,2019-06-03,0.0,0.0,0.33333334,0.33333334,0.0,0.0,0.0,0.0,0.0,0.33333334,0.0
386,2019-06-06,0.0,0.0,0.33333334,0.33333334,0.0,0.0,0.0,0.0,0.0,0.33333334,0.0
387,2019-06-11,0.0,0.0,0.33333334,0.33333334,0.0,0.0,0.0,0.0,0.0,0.33333334,0.0
388,2019-06-14,0.0,0.0,0.33333334,0.33333334,0.0,0.0,0.0,0.0,0.0,0.33333334,0.0
389,2019-06-19,0.0,0.0,0.33333334,0.33333334,0.0,0.0,0.0,0.0,0.0,0.33333334,0.0
390,2019-06-24,0.0,0.0,0.2914175,0.35429126,0.0,0.0,0.0,0.0,0.0,0.35429126,0.0
391,2019-06-27,0.0,0.0,0.29008794,0.35495603,0.0,0.0,0.0,0.0,0.0,0.35495603,0.0
392,2019-07-02,0.0,0.0,0.31943116,0.31943116,0.04170648,0.0,0.0,0.0,0.0,0.31943116,0.0
393,2019-07-08,0.0,0.0,0.33333334,0.33333334,0.0,0.0,0.0,0.0,0.0,0.33333334,0.0
394,2019-07-11,0.0,0.0,0.33333334,0.33333334,0.0,0.0,0.0,0.0,0.0,0.33333334,0.0
395,2019-07-16,0.0,0.0,0.33333334,0.33333334,0.0,0.0,0.0,0.0,0.0,0.33333334,0.0
396,2019-07-19,0.0,0.0,0.33333334,0.33333334,0.0,0.0,0.0,0.0,0.0,0.33333334,0.0
397,2019-07-24,0.0,0.0,0.33333334,0.33333334,0.0,0.0,0.0,0.0,0.0,0.33333334,0.0
398,2019-07-29,0.0,0.0,0.33333334,0.33333334,0.0,0.0,0.0,0.0,0.0,0.33333334,0.0
399,2019-08-01,0.0,0.0,0.33333334,0.33333334,0.0,0.0,0.0,0.0,0.0,0.33333334,0.0
400,2019-08-06,0.0,0.0,0.33333334,0.33333334,0.0,0.0,0.0,0.0,0.0,0.33333334,0.0
401,2019-08-09,0.0,0.0,0.3145654,0.3145654,0.0,0.0,0.0,0.05630378,0.0,0.3145654,0.0
402,2019-08-14,0.0,0.0,0.33333334,0.33333334,0.0,0.0,0.0,0.0,0.0,0.33333334,0.0
403,2019-08-19,0.0,0.0,0.33333334,0.33333334,0.0,0.0,0.0,0.0,0.0,0.33333334,0.0
404,2019-08-22,0.0,0.0,0.33333334,0.33333334,0.0,0.0,0.0,0.0,0.0,0.33333334,0.0
405,2019-08-27,0.0,0.0,0.33333334,0.33333334,0.0,0.0,0.0,0.0,0.0,0.33333334,0.0
406,2019-08-30,0.0,0.0,0.33333334,0.33333334,0.0,0.0,0.0,0.0,0.0,0.33333334,0.0
407,2019-09-05,0.0,0.0,0.3185024,0.3185024,0.0,0.04449275,0.0,0.0,0.0,0.3185024,0.0
408,2019-09-10,0.0,0.0,0.33333334,0.33333334,0.0,0.0,0.0,0.0,0.0,0.33333334,0.0
409,2019-09-13,0.0,0.0,0.2925874,0.2925874,0.12223783,0.0,0.0,0.0,0.0,0.2925874,0.0
410,2019-09-18,0.0,0.0,0.33333334,0.33333334,0.0,0.0,0.0,0.0,0.0,0.33333334,0.0
411,2019-09-23,0.0,0.0,0.33333334,0.33333334,0.0,0.0,0.0,0.0,0.0,0.33333334,0.0
412,2019-09-26,0.0,0.0,0.33333334,0.33333334,0.0,0.0,0.0,0.0,0.0,0.33333334,0.0
413,2019-10-01,0.0,0.0,0.33333334,0.33333334,0.0,0.0,0.0,0.0,0.0,0.33333334,0.0
414,2019-10-04,0.0,0.0,0.33333334,0.33333334,0.0,0.0,0.0,0.0,0.0,0.33333334,0.0
415,2019-10-09,0.0,0.0,0.33333334,0.33333334,0.0,0.0,0.0,0.0,0.0,0.33333334,0.0
416,2019-10-14,0.0,0.0,0.322504,0.322504,0.032487962,0.0,0.0,0.0,0.0,0.322504,0.0
417,2019-10-17,0.0,0.0,0.33333334,0.33333334,0.0,0.0,0.0,0.0,0.0,0.33333334,0.0
418,2019-10-22,0.0,0.0,0.33333334,0.33333334,0.0,0.0,0.0,0.0,0.0,0.33333334,0.0
419,2019-10-25,0.0,0.0,0.33333334,0.33333334,0.0,0.0,0.0,0.0,0.0,0.33333334,0.0
420,2019-10-30,0.0,0.0,0.33333334,0.33333334,0.0,0.0,0.0,0.0,0.0,0.33333334,0.0
421,2019-11-04,0.0,0.0,0.33333334,0.33333334,0.0,0.0,0.0,0.0,0.0,0.33333334,0.0
422,2019-11-07,0.0,0.0,0.33333334,0.33333334,0.0,0.0,0.0,0.0,0.0,0.33333334,0.0
423,2019-11-12,0.0,0.0,0.33333334,0.33333334,0.0,0.0,0.0,0.0,0.0,0.33333334,0.0
424,2019-11-15,0.0,0.0,0.33333334,0.33333334,0.0,0.0,0.0,0.0,0.0,0.33333334,0.0
425,2019-11-20,0.0,0.0,0.33333334,0.33333334,0.0,0.0,0.0,0.0,0.0,0.33333334,0.0
426,2019-11-25,0.0,0.0,0.33333334,0.33333334,0.0,0.0,0.0,0.0,0.0,0.33333334,0.0
427,2019-11-29,0.0,0.0,0.28040326,0.35693586,0.0057249684,0.0,0.0,0.0,0.0,0.35693586,0.0
428,2019-12-04,0.0,0.0,0.33333334,0.33333334,0.0,0.0,0.0,0.0,0.0,0.33333334,0.0
429,2019-12-09,0.0,0.0,0.33333334,0.33333334,0.0,0.0,0.0,0.0,0.0,0.33333334,0.0
430,2019-12-12,0.0,0.0,0.33194053,0.2861538,0.049965143,0.0,0.0,0.0,0.0,0.33194053,0.0
431,2019-12-17,0.0,0.0,0.33333334,0.33333334,0.0,0.0,0.0,0.0,0.0,0.33333334,0.0
432,2019-12-20,0.0,0.0,0.33333334,0.33333334,0.0,0.0,0.0,0.0,0.0,0.33333334,0.0
433,2019-12-26,0.0,0.0,0.33333334,0.33333334,0.0,0.0,0.0,0.0,0.0,0.33333334,0.0
434,2019-12-31,0.0,0.0,0.33333334,0.33333334,0.0,0.0,0.0,0.0,0.0,0.33333334,0.0
435,2020-01-06,0.0,0.0,0.33333334,0.33333334,0.0,0.0,0.0,0.0,0.0,0.33333334,0.0
436,2020-01-09,0.0,0.0,0.33333334,0.33333334,0.0,0.0,0.0,0.0,0.0,0.33333334,0.0
437,2020-01-14,0.0,0.0,0.33333334,0.33333334,0.0,0.0,0.0,0.0,0.0,0.33333334,0.0
438,2020-01-17,0.0,0.0,0.33333334,0.33333334,0.0,0.0,0.0,0.0,0.0,0.33333334,0.0
439,2020-01-23,0.0,0.0,0.33333334,0.33333334,0.0,0.0,0.0,0.0,0.0,0.33333334,0.0
440,2020-01-28,0.0,0.0,0.33333334,0.33333334,0.0,0.0,0.0,0.0,0.0,0.33333334,0.0
441,2020-01-31,0.0,0.0,0.33333334,0.33333334,0.0,0.0,0.0,0.0,0.0,0.33333334,0.0
442,2020-02-05,0.0,0.0,0.33333334,0.33333334,0.0,0.0,0.0,0.0,0.0,0.33333334,0.0
443,2020-02-10,0.0,0.0,0.33333334,0.33333334,0.0,0.0,0.0,0.0,0.0,0.33333334,0.0
444,2020-02-13,0.0,0.0,0.33333334,0.33333334,0.0,0.0,0.0,0.0,0.0,0.33333334,0.0
445,2020-02-19,0.0,0.0,0.33333334,0.33333334,0.0,0.0,0.0,0.0,0.0,0.33333334,0.0
446,2020-02-24,0.0,0.0,0.33333334,0.33333334,0.0,0.0,0.0,0.0,0.0,0.33333334,0.0
447,2020-02-27,0.0,0.0,0.33333334,0.33333334,0.0,0.0,0.0,0.0,0.0,0.33333334,0.0
448,2020-03-03,0.0,0.0,0.33333334,0.33333334,0.0,0.0,0.0,0.0,0.0,0.33333334,0.0
449,2020-03-06,0.0,0.0,0.33333334,0.33333334,0.0,0.0,0.0,0.0,0.0,0.33333334,0.0
450,2020-03-11,0.0,0.0,0.33333334,0.33333334,0.0,0.0,0.0,0.0,0.0,0.33333334,0.0
451,2020-03-16,0.0,0.0,0.33333334,0.33333334,0.0,0.0,0.0,0.0,0.0,0.33333334,0.0
452,2020-03-19,0.0,0.0,0.33333334,0.33333334,0.0,0.0,0.0,0.0,0.0,0.33333334,0.0
453,2020-03-24,0.0,0.0,0.32409,0.027730064,0.32409,0.0,0.0,0.0,0.0,0.32409,0.0
454,2020-03-27,0.0,0.0,0.33333334,0.0,0.33333334,0.0,0.0,0.0,0.0,0.33333334,0.0
455,2020-04-01,0.0,0.0,0.3615295,0.276941,0.0,0.0,0.0,0.0,0.0,0.3615295,0.0
456,2020-04-06,0.0,0.0,0.33333334,0.33333334,0.0,0.0,0.0,0.0,0.0,0.33333334,0.0
457,2020-04-09,0.0,0.0,0.31017888,0.069463365,0.31017888,0.0,0.0,0.0,0.0,0.31017888,0.0
458,2020-04-15,0.0,0.0,0.31943008,0.31943008,0.0,0.041709755,0.0,0.0,0.0,0.31943008,0.0
459,2020-04-20,0.0,0.0,0.33333334,0.33333334,0.0,0.0,0.0,0.0,0.0,0.33333334,0.0
460,2020-04-23,0.0,0.0,0.3289668,0.3289668,0.013099625,0.0,0.0,0.0,0.0,0.3289668,0.0
461,2020-04-28,0.0,0.0,0.33333334,0.33333334,0.0,0.0,0.0,0.0,0.0,0.33333334,0.0
462,2020-05-01,0.0,0.0,0.33333334,0.33333334,0.0,0.0,0.0,0.0,0.0,0.33333334,0.0
463,2020-05-06,0.0,0.0,0.33333334,0.33333334,0.0,0.0,0.0,0.0,0.0,0.33333334,0.0
464,2020-05-11,0.0,0.0,0.33333334,0.33333334,0.0,0.0,0.0,0.0,0.0,0.33333334,0.0
465,2020-05-14,0.0,0.0,0.33333334,0.33333334,0.0,0.0,0.0,0.0,0.0,0.33333334,0.0
466,2020-05-19,0.0,0.0,0.33333334,0.33333334,0.0,0.0,0.0,0.0,0.0,0.33333334,0.0
467,2020-05-22,0.0,0.0,0.33333334,0.33333334,0.0,0.0,0.0,0.0,0.0,0.33333334,0.0
468,2020-05-28,0.0,0.0,0.3253516,0.3253516,0.0,0.023945197,0.0,0.0,0.0,0.3253516,0.0
469,2020-06-02,0.0,0.0,0.33333334,0.33333334,0.0,0.0,0.0,0.0,0.0,0.33333334,0.0
470,2020-06-05,0.0,0.0,0.33333334,0.33333334,0.0,0.0,0.0,0.0,0.0,0.33333334,0.0
471,2020-06-10,0.0,0.0,0.31819388,0.31819388,0.0,0.045418344,0.0,0.0,0.0,0.31819388,0.0
472,2020-06-15,0.0,0.0,0.33333334,0.33333334,0.0,0.0,0.0,0.0,0.0,0.33333334,0.0
473,2020-06-18,0.0,0.0,0.33333334,0.33333334,0.0,0.0,0.0,0.0,0.0,0.33333334,0.0
474,2020-06-23,0.0,0.0,0.33333334,0.33333334,0.0,0.0,0.0,0.0,0.0,0.33333334,0.0
475,2020-06-26,0.0,0.0,0.33333334,0.33333334,0.0,0.0,0.0,0.0,0.0,0.33333334,0.0
476,2020-07-01,0.0,0.0,0.33333334,0.33333334,0.0,0.0,0.0,0.0,0.0,0.33333334,0.0
477,2020-07-07,0.0,0.0,0.33333334,0.33333334,0.0,0.0,0.0,0.0,0.0,0.33333334,0.0
478,2020-07-10,0.0,0.0,0.33333334,0.33333334,0.0,0.0,0.0,0.0,0.0,0.33333334,0.0
479,2020-07-15,0.0,0.0,0.33333334,0.33333334,0.0,0.0,0.0,0.0,0.0,0.33333334,0.0
480,2020-07-20,0.0,0.0,0.3328801,0.3328801,0.0,0.001359658,0.0,0.0,0.0,0.3328801,0.0
481,2020-07-23,0.0,0.0,0.33333334,0.33333334,0.0,0.0,0.0,0.0,0.0,0.33333334,0.0
482,2020-07-28,0.0,0.0,0.31797138,0.31797138,0.0,0.04608585,0.0,0.0,0.0,0.31797138,0.0
483,2020-07-31,0.0,0.0,0.33333334,0.33333334,0.0,0.0,0.0,0.0,0.0,0.33333334,0.0
484,2020-08-05,0.0,0.0,0.3303866,0.3303866,0.0,0.0,0.0,0.008840175,0.0,0.3303866,0.0
485,2020-08-10,0.0,0.0,0.33333334,0.33333334,0.0,0.0,0.0,0.0,0.0,0.33333334,0.0
486,2020-08-13,0.0,0.0,0.10826568,0.44586715,0.0,0.0,0.0,0.0,0.0,0.44586715,0.0
487,2020-08-18,0.0,0.0,0.33333334,0.33333334,0.0,0.0,0.0,0.0,0.0,0.33333334,0.0
488,2020-08-21,0.0,0.0,0.29606086,0.29606086,0.11181739,0.0,0.0,0.0,0.0,0.29606086,0.0
489,2020-08-26,0.0,0.0,0.32291394,0.32291394,0.03125821,0.0,0.0,0.0,0.0,0.32291394,0.0
490,2020-08-31,0.0,0.0,0.33333334,0.33333334,0.0,0.0,0.0,0.0,0.0,0.33333334,0.0
491,2020-09-03,0.0,0.0,0.30810446,0.30810446,0.0,0.07568663,0.0,0.0,0.0,0.30810446,0.0
492,2020-09-09,0.0,0.0,0.33333334,0.33333334,0.0,0.0,0.0,0.0,0.0,0.33333334,0.0
493,2020-09-14,0.0,0.0,0.33333334,0.33333334,0.0,0.0,0.0,0.0,0.0,0.33333334,0.0
494,2020-09-17,0.0,0.0,0.33333334,0.33333334,0.0,0.0,0.0,0.0,0.0,0.33333334,0.0
495,2020-09-22,0.0,0.0,0.33333334,0.33333334,0.0,0.0,0.0,0.0,0.0,0.33333334,0.0
496,2020-09-25,0.0,0.0,0.33333334,0.33333334,0.0,0.0,0.0,0.0,0.0,0.33333334,0.0
497,2020-09-30,0.0,0.0,0.33333334,0.33333334,0.0,0.0,0.0,0.0,0.0,0.33333334,0.0
498,2020-10-05,0.0,0.0,0.252335,0.252335,0.24299496,0.0,0.0,0.0,0.0,0.252335,0.0
499,2020-10-08,0.0,0.0,0.33333334,0.33333334,0.0,0.0,0.0,0.0,0.0,0.33333334,0.0

